Zone,State,City,Name,Type,Establishment Year,time needed to visit in hrs,Google review rating,Entrance Fee in INR,Airport with 50km Radius,Weekly Off,Significance,DSLR Allowed,Number of google review in lakhs,Best Time to visit,Attraction Age,Year Known,Age Category,Budget Category,Duration Category,rating_scaled,reviews_scaled,fee_scaled,Student Score,Popularity Score,Tags
Northern,Delhi,Delhi,India Gate,War Memorial,1921.0,0.5,4.6,0,Yes,Open All Days,Historical,Yes,2.6,Evening,105.0,Known,Historic,Very Low,Quick Visit,0.9142857142857141,0.35047361299052776,0.0,0.7622849410400154,5.892295689125496,War Memorial Historical Very Low Quick Visit Evening
Northern,Delhi,Delhi,Humayun's Tomb,Tomb,1572.0,2.0,4.5,30,Yes,Open All Days,Historical,Yes,0.4,Afternoon,454.0,Known,Heritage,Very Low,Quick Visit,0.8857142857142857,0.05277401894451962,0.004,0.6578893485404987,1.5141250647954583,Tomb Historical Very Low Quick Visit Afternoon
Northern,Delhi,Delhi,Akshardham Temple,Temple,2005.0,5.0,4.6,60,Yes,Open All Days,Religious,No,0.4,Afternoon,21.0,Known,Modern,Low,Full Day,0.9142857142857141,0.05277401894451962,0.008,0.671375062826213,1.5477722884575795,Temple Religious Low Full Day Afternoon
Northern,Delhi,Delhi,Waste to Wonder Park,Theme Park,2019.0,2.0,4.1,50,Yes,Monday,Environmental,Yes,0.27,Evening,7.0,Known,Modern,Very Low,Quick Visit,0.7714285714285714,0.035182679296346414,0.006666666666666667,0.5949357561698563,0.9799692919290496,Theme Park Environmental Very Low Quick Visit Evening
Northern,Delhi,Delhi,Jantar Mantar,Observatory,1724.0,2.0,4.2,15,Yes,Open All Days,Scientific,Yes,0.31,Morning,302.0,Known,Heritage,Very Low,Quick Visit,0.8,0.04059539918809201,0.002,0.6117786197564277,1.1341139762948527,Observatory Scientific Very Low Quick Visit Morning
Northern,Delhi,Delhi,Chandni Chowk,Market,1700.0,3.0,4.2,0,Yes,Sunday,Market,Yes,0.25,Afternoon,326.0,Known,Heritage,Very Low,Half Day,0.8,0.03247631935047361,0.0,0.6097428958051421,0.937202915519681,Market Market Very Low Half Day Afternoon
Northern,Delhi,Delhi,Lotus Temple,Temple,1986.0,1.0,4.5,0,Yes,Monday,Religious,Yes,0.59,Evening,40.0,Known,Modern,Very Low,Quick Visit,0.8857142857142857,0.07848443843031123,0.0,0.6664024743862362,2.0868030730446305,Temple Religious Very Low Quick Visit Evening
Northern,Delhi,Delhi,Red Fort,Fort,1648.0,2.0,4.5,35,Yes,Open All Days,Historical,Yes,1.5,Afternoon,378.0,Known,Heritage,Very Low,Quick Visit,0.8857142857142857,0.20162381596752368,0.004666666666666667,0.7024109543140666,4.123308293433698,Fort Historical Very Low Quick Visit Afternoon
Northern,Delhi,Delhi,Agrasen ki Baoli,Stepwell,1400.0,1.0,4.2,0,Yes,Open All Days,Historical,Yes,0.41,Afternoon,626.0,Known,Ancient,Very Low,Quick Visit,0.8,0.054127198917456015,0.0,0.6162381596752369,1.443076758438323,Stepwell Historical Very Low Quick Visit Afternoon
Northern,Delhi,Delhi,Sunder Nursery,Park,1600.0,2.0,4.6,0,Yes,Open All Days,Botanical,Yes,0.16,Afternoon,426.0,Known,Heritage,Very Low,Quick Visit,0.9142857142857141,0.02029769959404601,0.0,0.6632321670210709,0.682732023544057,Park Botanical Very Low Quick Visit Afternoon
Northern,Delhi,Delhi,Garden of Five Senses,Park,2003.0,2.0,4.1,35,Yes,Open All Days,Botanical,Yes,0.23,Morning,23.0,Known,Modern,Very Low,Quick Visit,0.7714285714285714,0.029769959404600813,0.004666666666666667,0.5937119402023325,0.8487580944757371,Park Botanical Very Low Quick Visit Morning
Northern,Delhi,Delhi,Lodhi Garden,Park,1500.0,1.0,4.5,0,Yes,Open All Days,Botanical,Yes,0.48,All,526.0,Known,Ancient,Very Low,Quick Visit,0.8857142857142857,0.06359945872801083,0.0,0.6619369804755462,1.7641893949921066,Park Botanical Very Low Quick Visit All
Northern,Delhi,Delhi,National Gallery of Modern Art,Museum,1954.0,3.0,4.5,20,Yes,Monday,Artistic,Yes,0.08,All,72.0,Known,Historic,Very Low,Half Day,0.8857142857142857,0.009472259810554804,0.002666666666666667,0.6451654874669759,0.34632468511257747,Museum Artistic Very Low Half Day All
Northern,Delhi,Delhi,National Zoological Park ,Zoo,1959.0,3.0,4.1,80,Yes,Friday,Environmental,Yes,0.41,All,67.0,Known,Historic,Low,Half Day,0.7714285714285714,0.054127198917456015,0.010666666666666668,0.5998191120561891,1.4087177879993151,Zoo Environmental Low Half Day All
Northern,Delhi,Delhi,Qutub Minar,Monument,1192.0,1.0,4.5,35,Yes,Open All Days,Historical,Yes,1.37,Afternoon,834.0,Known,Ancient,Very Low,Quick Visit,0.8857142857142857,0.1840324763193505,0.004666666666666667,0.6971335524196147,3.8830047981616795,Monument Historical Very Low Quick Visit Afternoon
Northern,Delhi,Delhi,National Science Centre,Science,1992.0,5.0,4.4,70,Yes,Open All Days,Scientific,Yes,0.23,All,34.0,Known,Modern,Low,Full Day,0.8571428571428572,0.029769959404600813,0.009333333333333334,0.6356357497261422,0.9108623452910352,Science Scientific Low Full Day All
Western,Maharastra,Mumbai,Marine Drive,Promenade,,2.0,4.5,0,Yes,Open All Days,Scenic,Yes,1.5,Evening,150.0,Unknown,Historic,Very Low,Quick Visit,0.8857142857142857,0.20162381596752368,0.0,0.7033442876473999,4.123308293433698,Promenade Scenic Very Low Quick Visit Evening
Western,Maharastra,Mumbai,Gateway of India,Monument,1924.0,1.0,4.6,0,Yes,Open All Days,Historical,Yes,3.6,All,102.0,Known,Historic,Very Low,Quick Visit,0.9142857142857141,0.48579161028416784,0.0,0.8028803402281075,7.019858996077227,Monument Historical Very Low Quick Visit All
Western,Maharastra,Mumbai,Chhatrapati Shivaji Maharaj Vastu Sangrahalaya,Museum,1922.0,1.0,4.6,500,Yes,Open All Days,Historical,Yes,0.34,All,104.0,Known,Historic,Medium,Quick Visit,0.9142857142857141,0.04465493910690122,0.06666666666666667,0.6572060055415941,1.3462802242289718,Museum Historical Medium Quick Visit All
Western,Maharastra,Mumbai,Sanjay Gandhi National Park,National Park,1996.0,3.0,4.3,50,Yes,Monday,Wildlife,Yes,0.6,All,30.0,Known,Modern,Very Low,Half Day,0.8285714285714285,0.07983761840324763,0.006666666666666667,0.6369036664733552,2.021015605756663,National Park Wildlife Very Low Half Day All
Western,Maharastra,Mumbai,Siddhivinayak Temple,Temple,1881.0,2.0,4.8,0,Yes,Open All Days,Religious,No,1.05,All,145.0,Known,Historic,Very Low,Quick Visit,0.9714285714285713,0.14073071718538566,0.0,0.7279335008699013,3.445631007121521,Temple Religious Very Low Quick Visit All
Western,Maharastra,Mumbai,Mahalaxmi Temple,Temple,1831.0,1.0,4.7,0,Yes,Open All Days,Religious,No,0.33,All,195.0,Known,Historic,Very Low,Quick Visit,0.9428571428571428,0.04330175913396482,0.0,0.6844190991687609,1.3403410284982133,Temple Religious Very Low Quick Visit All
Western,Maharastra,Mumbai,Haji Ali Dargah,Religious Shrine,1431.0,2.0,4.4,0,Yes,Open All Days,Religious,No,0.16,All,595.0,Known,Ancient,Very Low,Quick Visit,0.8571428571428572,0.02029769959404601,0.0,0.6346607384496424,0.6530480225204025,Religious Shrine Religious Very Low Quick Visit All
Western,Maharastra,Mumbai,Chowpatty Beach,Beach,,2.0,4.3,0,Yes,Open All Days,Recreational,Yes,0.05,Evening,150.0,Unknown,Historic,Very Low,Quick Visit,0.8285714285714285,0.005412719891745603,0.0,0.615909530253238,0.20979770592855762,Beach Recreational Very Low Quick Visit Evening
Western,Maharastra,Mumbai,Essel World,Amusement Park,1986.0,5.0,4.3,1149,Yes,Open All Days,Recreational,Yes,0.27,All,40.0,Known,Modern,High,Full Day,0.8285714285714285,0.035182679296346414,0.1532,0.5942005180746182,1.0277726720231497,Amusement Park Recreational High Full Day All
Western,Maharastra,Mumbai,Elephanta Caves,Monument,1987.0,4.0,4.3,550,Yes,Open All Days,Historical,Yes,0.35,All,39.0,Known,Modern,High,Half Day,0.8285714285714285,0.046008119079837616,0.07333333333333333,0.613421483342999,1.2904497475364536,Monument Historical High Half Day All
Western,Maharastra,Lonavala,Imagicaa,Amusement Park,2013.0,5.0,1.4,1149,No,Monday,Recreational,Yes,0.95,All,13.0,Known,Modern,High,Full Day,0.0,0.12719891745602163,0.1532,0.2075196752368065,0.9349611216059176,Amusement Park Recreational High Full Day All
Southern,Karnataka,Bangalore,Bangalore Palace,Palace,1878.0,2.0,4.2,500,Yes,Monday,Historical,Yes,0.9,Morning,148.0,Known,Historic,Medium,Quick Visit,0.8,0.12043301759133966,0.06666666666666667,0.6227965719440686,2.695786321924058,Palace Historical Medium Quick Visit Morning
Southern,Karnataka,Bangalore,Lalbagh Botanical Garden,Botanical Garden,1760.0,1.5,4.4,20,Yes,Open All Days,Nature,Yes,1.5,Evening,266.0,Known,Heritage,Very Low,Quick Visit,0.8571428571428572,0.20162381596752368,0.002666666666666667,0.6885252400283524,4.031679220246283,Botanical Garden Nature Very Low Quick Visit Evening
Southern,Karnataka,Bangalore,Cubbon Park,Park,1870.0,1.0,4.4,0,Yes,Open All Days,Nature,Yes,1.32,Morning,156.0,Known,Historic,Very Low,Quick Visit,0.8571428571428572,0.17726657645466848,0.0,0.6817514015078292,3.7028956169841623,Park Nature Very Low Quick Visit Morning
Southern,Karnataka,Bangalore,Vidhana Soudha,Government Building,1956.0,0.5,4.6,0,Yes,Open All Days,Architectural,No,0.8,Morning,70.0,Known,Historic,Very Low,Quick Visit,0.9142857142857141,0.10690121786197565,0.0,0.6892132225014498,2.7038186585497477,Government Building Architectural Very Low Quick Visit Morning
Southern,Karnataka,Bangalore,ISKCON Temple Bangalore,Temple,1997.0,1.0,4.6,0,Yes,Open All Days,Religious,Yes,1.14,Evening,29.0,Known,Modern,Very Low,Quick Visit,0.9142857142857141,0.15290933694181325,0.0,0.703015658225401,3.499706813555296,Temple Religious Very Low Quick Visit Evening
Southern,Telangana,Hyderabad,Charminar,Landmark,1591.0,1.0,4.5,25,Yes,Friday,Historical,Yes,2.1,Morning,435.0,Known,Heritage,Very Low,Quick Visit,0.8857142857142857,0.28281461434370775,0.0033333333333333335,0.7270348604935886,5.091309501709953,Landmark Historical Very Low Quick Visit Morning
Southern,Telangana,Hyderabad,Golconda Fort,Fort,1600.0,2.0,4.4,30,Yes,Open All Days,Historical,Yes,1.2,Morning,426.0,Known,Heritage,Very Low,Quick Visit,0.8571428571428572,0.16102841677943164,0.004,0.6760799536052581,3.469212385602789,Fort Historical Very Low Quick Visit Morning
Southern,Telangana,Hyderabad,Hussain Sagar Lake,Lake,1563.0,1.0,4.3,0,Yes,Open All Days,Scenic,Yes,0.5,Evening,463.0,Known,Heritage,Very Low,Quick Visit,0.8285714285714285,0.06630581867388363,0.0,0.6341774598878793,1.7434999648651068,Lake Scenic Very Low Quick Visit Evening
Southern,Telangana,Hyderabad,Ramoji Film City,Film Studio,1996.0,4.0,4.4,1150,Yes,Open All Days,Entertainment,Yes,0.45,All,30.0,Known,Modern,High,Half Day,0.8571428571428572,0.05953991880920163,0.15333333333333335,0.6157667375475224,1.6348796483029255,Film Studio Entertainment High Half Day All
Southern,Telangana,Hyderabad,Salar Jung Museum,Museum,1951.0,2.0,4.4,20,Yes,Open All Days,Historical,Yes,0.67,All,75.0,Known,Historic,Very Low,Quick Visit,0.8571428571428572,0.08930987821380244,0.002666666666666667,0.654831058702236,2.256423956286121,Museum Historical Very Low Quick Visit All
Southern,Telangana,Hyderabad,Qutb Shahi Tombs,Tombs,1600.0,1.0,4.4,25,Yes,Open All Days,Historical,Yes,0.2,Morning,426.0,Known,Heritage,Very Low,Quick Visit,0.8571428571428572,0.02571041948579161,0.0033333333333333335,0.6356178877504994,0.8022148498934004,Tombs Historical Very Low Quick Visit Morning
Southern,Telangana,Hyderabad,Birla Mandir,Temple,1976.0,1.0,4.7,0,Yes,Open All Days,Religious,No,0.41,All,50.0,Known,Historic,Very Low,Quick Visit,0.9428571428571428,0.054127198917456015,0.0,0.6876667311038083,1.6148716106333616,Temple Religious Very Low Quick Visit All
Southern,Telangana,Hyderabad,Chowmahalla Palace,Palace,1800.0,1.5,4.4,80,Yes,Open All Days,Historical,Yes,0.45,Morning,226.0,Known,Heritage,Low,Quick Visit,0.8571428571428572,0.05953991880920163,0.010666666666666668,0.6443000708808557,1.6348796483029255,Palace Historical Low Quick Visit Morning
Southern,Telangana,Hyderabad,Nehru Zoological Park,Zoo,1963.0,3.0,4.2,50,Yes,Open All Days,Wildlife,Yes,0.86,Morning,63.0,Known,Historic,Very Low,Half Day,0.8,0.11502029769959404,0.006666666666666667,0.6331727559765449,2.6064212484454616,Zoo Wildlife Very Low Half Day Morning
Southern,Telangana,Hyderabad,Lumbini Park,Park,1994.0,1.0,4.1,20,Yes,Open All Days,Recreational,Yes,0.73,Evening,32.0,Known,Modern,Very Low,Quick Visit,0.7714285714285714,0.09742895805142084,0.002666666666666667,0.6144096397963785,2.247297774889719,Park Recreational Very Low Quick Visit Evening
Eastern,West Bengal,Kolkata,Victoria Memorial,Museum,1921.0,1.5,4.6,30,Yes,Monday,Historical,Yes,0.73,Morning,105.0,Known,Historic,Very Low,Quick Visit,0.9142857142857141,0.09742895805142084,0.004,0.6855715445582833,2.521358479144563,Museum Historical Very Low Quick Visit Morning
Eastern,West Bengal,Kolkata,Howrah Bridge,Bridge,1943.0,0.5,4.6,0,Yes,Open All Days,Architectural,No,1.2,All,83.0,Known,Historic,Very Low,Quick Visit,0.9142857142857141,0.16102841677943164,0.0,0.7054513821766866,3.6269038576756425,Bridge Architectural Very Low Quick Visit All
Eastern,West Bengal,Kolkata,Indian Museum,Museum,1814.0,2.0,4.6,50,Yes,Monday,Historical,Yes,0.18,Morning,212.0,Known,Heritage,Very Low,Quick Visit,0.9142857142857141,0.023004059539918808,0.006666666666666667,0.6627107416714993,0.7613664169968375,Museum Historical Very Low Quick Visit Morning
Eastern,West Bengal,Kolkata,Dakshineswar Kali Temple,Temple,1855.0,1.0,4.7,0,Yes,Open All Days,Religious,Yes,0.82,Morning,171.0,Known,Historic,Very Low,Quick Visit,0.9428571428571428,0.10960757780784844,0.0,0.7043108447709259,2.814531555116909,Temple Religious Very Low Quick Visit Morning
Eastern,West Bengal,Kolkata,Kalighat Kali Temple,Temple,1809.0,1.0,4.4,0,Yes,Open All Days,Religious,Yes,0.5,Morning,217.0,Known,Heritage,Very Low,Quick Visit,0.8571428571428572,0.06630581867388363,0.0,0.6484631741735938,1.7840464756759233,Temple Religious Very Low Quick Visit Morning
Eastern,West Bengal,Kolkata,Eden Gardens,Cricket Ground,1864.0,3.0,4.1,2500,Yes,Open All Days,Sports,Yes,0.1,All,162.0,Known,Historic,High,Half Day,0.7714285714285714,0.012178619756427604,0.33333333333333337,0.5227012049745473,0.3907717371977319,Cricket Ground Sports High Half Day All
Eastern,West Bengal,Kolkata,Alipore Zoological Gardens,Zoo,1876.0,2.0,4.3,25,Yes,Open All Days,Wildlife,Yes,0.66,Afternoon,150.0,Known,Historic,Very Low,Quick Visit,0.8285714285714285,0.08795669824086605,0.0033333333333333335,0.6400060570913074,2.179315690184343,Zoo Wildlife Very Low Quick Visit Afternoon
Eastern,West Bengal,Kolkata,Science City Kolkata,Science,1997.0,3.0,4.4,60,Yes,Open All Days,Educational,Yes,0.88,All,29.0,Known,Modern,Low,Half Day,0.8571428571428572,0.11772665764546686,0.008,0.6622894258650687,2.777595818104175,Science Educational Low Half Day All
Eastern,West Bengal,Kolkata,Belur Math,Site,1898.0,1.5,4.7,0,Yes,Open All Days,Religious,Yes,0.47,Morning,128.0,Known,Historic,Very Low,Quick Visit,0.9428571428571428,0.062246278755074415,0.0,0.6901024550550938,1.810733283716031,Site Religious Very Low Quick Visit Morning
Eastern,West Bengal,Kolkata,Marble Palace,Palace,1835.0,1.0,4.4,0,Yes,Open All Days,Historical,Yes,0.1,Afternoon,191.0,Known,Historic,Very Low,Quick Visit,0.8571428571428572,0.012178619756427604,0.0,0.6322250144983569,0.41936479113902947,Palace Historical Very Low Quick Visit Afternoon
Southern,Goa,Goa,Calangute Beach,Beach,,2.0,4.4,0,Yes,Open All Days,Scenic,Yes,0.26,Evening,150.0,Unknown,Historic,Very Low,Quick Visit,0.8571428571428572,0.03382949932341001,0.0,0.6387202783684516,1.0168915722389014,Beach Scenic Very Low Quick Visit Evening
Southern,Goa,Goa,Basilica of Bom Jesus,Church,1605.0,1.0,4.5,0,Yes,Open All Days,Historical,Yes,0.59,Afternoon,421.0,Known,Heritage,Very Low,Quick Visit,0.8857142857142857,0.07848443843031123,0.0,0.6664024743862362,2.0868030730446305,Church Historical Very Low Quick Visit Afternoon
Southern,Goa,Goa,Fort Aguada,Fort,1612.0,1.5,4.2,0,Yes,Open All Days,Historical,Yes,0.95,Morning,414.0,Known,Heritage,Very Low,Quick Visit,0.8,0.12719891745602163,0.0,0.6381596752368065,2.804883364817753,Fort Historical Very Low Quick Visit Morning
Southern,Goa,Goa,Dudhsagar Falls,Waterfall,,3.0,4.6,500,Yes,Open All Days,Nature,Yes,0.3,Afternoon,150.0,Unknown,Historic,Medium,Half Day,0.9142857142857141,0.03924221921515561,0.06666666666666667,0.6555821895740704,1.2068756165504588,Waterfall Nature Medium Half Day Afternoon
Southern,Goa,Goa,Anjuna Beach,Beach,,2.0,4.4,0,Yes,Open All Days,Scenic,Yes,0.18,Evening,150.0,Unknown,Historic,Very Low,Quick Visit,0.8571428571428572,0.023004059539918808,0.0,0.6354726464334042,0.728263529301323,Beach Scenic Very Low Quick Visit Evening
Southern,Goa,Goa,Chapora Fort,Fort,1617.0,1.0,4.2,0,Yes,Open All Days,Historical,Yes,0.19,Evening,409.0,Known,Heritage,Very Low,Quick Visit,0.8,0.02435723951285521,0.0,0.6073071718538565,0.7306038899184397,Fort Historical Very Low Quick Visit Evening
Southern,Goa,Goa,Se Cathedral,Church,1640.0,1.0,4.5,0,Yes,Open All Days,Historical,Yes,0.05,Afternoon,386.0,Known,Heritage,Very Low,Quick Visit,0.8857142857142857,0.005412719891745603,0.0,0.6444809588246665,0.21955573876244402,Church Historical Very Low Quick Visit Afternoon
Southern,Goa,Goa,Baga Beach,Beach,,2.0,4.5,0,Yes,Open All Days,Scenic,Yes,0.35,Evening,150.0,Unknown,Historic,Very Low,Quick Visit,0.8857142857142857,0.046008119079837616,0.0,0.6566595785810941,1.350470666026521,Beach Scenic Very Low Quick Visit Evening
Southern,Goa,Goa,Arambol Beach,Beach,,2.0,4.6,0,Yes,Open All Days,Scenic,Yes,0.1,Evening,150.0,Unknown,Historic,Very Low,Quick Visit,0.9142857142857141,0.012178619756427604,0.0,0.6607964430697854,0.43842682709989433,Beach Scenic Very Low Quick Visit Evening
Southern,Goa,Goa,Palolem Beach,Beach,,2.0,4.6,0,Yes,Open All Days,Scenic,Yes,0.27,Evening,150.0,Unknown,Historic,Very Low,Quick Visit,0.9142857142857141,0.035182679296346414,0.0,0.6676976609317611,1.0994777421642996,Beach Scenic Very Low Quick Visit Evening
Southern,Goa,Goa,Colva Beach,Beach,,2.0,4.3,0,Yes,Open All Days,Scenic,Yes,0.1,Evening,150.0,Unknown,Historic,Very Low,Quick Visit,0.8285714285714285,0.012178619756427604,0.0,0.6179393002126425,0.4098337731585969,Beach Scenic Very Low Quick Visit Evening
Southern,Goa,Goa,Miramar Beach,Beach,,1.5,4.2,0,Yes,Open All Days,Scenic,Yes,0.3,Evening,150.0,Unknown,Historic,Very Low,Quick Visit,0.8,0.03924221921515561,0.0,0.6117726657645467,1.1019299107634626,Beach Scenic Very Low Quick Visit Evening
Southern,Goa,Goa,Aguada Beach,Beach,,2.0,4.5,0,Yes,Open All Days,Scenic,Yes,0.01,Evening,150.0,Unknown,Historic,Very Low,Quick Visit,0.8857142857142857,0.0,0.0,0.6428571428571428,0.044776488839256376,Beach Scenic Very Low Quick Visit Evening
Southern,Goa,Goa,Dr. Salim Ali Bird Santuary,Bird Sanctuary,1988.0,2.0,3.9,10,Yes,Open All Days,Wildlife,Yes,0.03,Afternoon,38.0,Known,Modern,Very Low,Quick Visit,0.7142857142857142,0.002706359945872801,0.0013333333333333335,0.5576880984599523,0.11527932874202317,Bird Sanctuary Wildlife Very Low Quick Visit Afternoon
Western,Gujarat,Ahmedabad,Sabarmati Ashram,Historical,1915.0,1.5,4.6,0,Yes,Open All Days,Historical,Yes,0.35,Morning,111.0,Known,Historic,Very Low,Quick Visit,0.9142857142857141,0.046008119079837616,0.0,0.6709452928668084,1.380481125271555,Historical Historical Very Low Quick Visit Morning
Western,Gujarat,Dwarka,Dwarkadhish Temple,Temple,-400.0,2.0,4.7,0,No,Open All Days,Religious,No,0.59,Evening,2426.0,Known,Ancient,Very Low,Quick Visit,0.9428571428571428,0.07848443843031123,0.0,0.6949739029576648,2.179549876291059,Temple Religious Very Low Quick Visit Evening
Western,Gujarat,Junagadh,Gir National Park,National Park,1965.0,3.0,4.5,3500,No,Open All Days,Wildlife,Yes,0.08,Morning,61.0,Known,Historic,High,Half Day,0.8857142857142857,0.009472259810554804,0.4666666666666667,0.5523654874669759,0.34632468511257747,National Park Wildlife High Half Day Morning
Western,Gujarat,Bhuj,White Desert,Site,1950.0,2.5,4.6,0,Yes,Open All Days,Nature,Yes,0.12,Evening,76.0,Known,Historic,Very Low,Half Day,0.9142857142857141,0.014884979702300405,0.0,0.6616083510535472,0.5213119524122145,Site Nature Very Low Half Day Evening
Western,Gujarat,Vadodara,Laxmi Vilas Palace,Palace,1890.0,2.0,4.4,200,Yes,Monday,Historical,Yes,0.17,Afternoon,136.0,Known,Historic,Low,Quick Visit,0.8571428571428572,0.02165087956698241,0.02666666666666667,0.6297333591081901,0.6908164947625249,Palace Historical Low Quick Visit Afternoon
Western,Gujarat,Somnath,Somnath Temple,Temple,1951.0,2.0,4.8,0,No,Open All Days,Religious,No,0.39,Morning,75.0,Known,Historic,Very Low,Quick Visit,0.9714285714285713,0.05142083897158322,0.0,0.7011405374057607,1.5806579862844818,Temple Religious Very Low Quick Visit Morning
Western,Gujarat,Rann of Kutch,Rann Utsav,Cultural,,3.0,4.9,7500,Yes,Open All Days,Cultural,Yes,0.1,Evening,150.0,Unknown,Historic,High,Half Day,1.0000000000000002,0.012178619756427604,1.0,0.5036535859269284,0.46701988104119185,Cultural Cultural High Half Day Evening
Western,Gujarat,Kevadia,Statue of Unity,Monument,2018.0,3.0,4.6,350,No,Monday,Historical,Yes,0.67,All,8.0,Known,Modern,Medium,Half Day,0.9142857142857141,0.08930987821380244,0.04666666666666667,0.6746024872736645,2.3589886815718533,Monument Historical Medium Half Day All
Western,Gujarat,Gandhinagar,Dandi Kutir,Museum,2013.0,1.5,4.5,0,No,Open All Days,Historical,Yes,0.05,All,13.0,Known,Modern,Very Low,Quick Visit,0.8857142857142857,0.005412719891745603,0.0,0.6444809588246665,0.21955573876244402,Museum Historical Very Low Quick Visit All
Western,Gujarat,Ahmedabad,Sabarmati Riverfront,Urban Development Project,2012.0,1.0,4.6,0,Yes,Open All Days,Recreational,Yes,0.1,Evening,14.0,Known,Modern,Very Low,Quick Visit,0.9142857142857141,0.012178619756427604,0.0,0.6607964430697854,0.43842682709989433,Urban Development Project Recreational Very Low Quick Visit Evening
Western,Gujarat,Ahmedabad,Manek Chowk,Market,,2.0,4.4,0,Yes,Open All Days,Food,Yes,0.49,Night,150.0,Unknown,Historic,Very Low,Quick Visit,0.8571428571428572,0.06495263870094722,0.0,0.6480572201817127,1.7546149278124183,Market Food Very Low Quick Visit Night
Western,Gujarat,Ahmedabad,Kankaria Lake,Lake,1451.0,3.0,4.5,10,Yes,Open All Days,Recreational,Yes,0.3,Afternoon,575.0,Known,Ancient,Very Low,Half Day,0.8857142857142857,0.03924221921515561,0.0013333333333333335,0.6543631419550229,1.1806391901037099,Lake Recreational Very Low Half Day Afternoon
Western,Gujarat,Ahmedabad,Science City,Science,2002.0,7.0,4.4,500,Yes,Monday,Educational,Yes,0.11,All,24.0,Known,Modern,Medium,Full Day,0.8571428571428572,0.013531799729364006,0.06666666666666667,0.6192976351569045,0.45918406742666823,Science Educational Medium Full Day All
Northern,Rajasthan,Jaipur,Hawa Mahal,Palace,1799.0,1.0,4.4,50,Yes,Open All Days,Architectural,Yes,1.3,Morning,227.0,Known,Heritage,Very Low,Quick Visit,0.8571428571428572,0.17456021650879566,0.006666666666666667,0.6796061601907339,3.664800140914458,Palace Architectural Very Low Quick Visit Morning
Northern,Rajasthan,Udaipur,City Palace,Palace,1559.0,2.0,4.4,300,Yes,Open All Days,Historical,Yes,0.51,All,467.0,Known,Heritage,Medium,Quick Visit,0.8571428571428572,0.06765899864682004,0.04,0.6408691281654746,1.8132824636380653,Palace Historical Medium Quick Visit All
Northern,Rajasthan,Jaisalmer,Jaisalmer Fort,Fort,1156.0,2.5,4.4,50,No,Open All Days,Historical,Yes,0.56,All,870.0,Known,Ancient,Very Low,Half Day,0.8571428571428572,0.07442489851150204,0.006666666666666667,0.6495655647915459,1.9566176135503615,Fort Historical Very Low Half Day All
Northern,Rajasthan,Sawai Madhopur,Ranthambore National Park,Wildlife Sanctuary,1980.0,3.0,4.6,500,No,Open All Days,Wildlife,Yes,0.09,All,46.0,Known,Modern,Medium,Half Day,0.9142857142857141,0.010825439783491203,0.06666666666666667,0.6470571557445711,0.3964174027088407,Wildlife Sanctuary Wildlife Medium Half Day All
Northern,Rajasthan,Pushkar,Pushkar Lake,Temple,1400.0,1.5,4.4,0,No,Open All Days,Religious,Yes,1.6,All,626.0,Known,Ancient,Very Low,Quick Visit,0.8571428571428572,0.21515561569688768,0.0,0.6931181132804949,4.204250358120721,Temple Religious Very Low Quick Visit All
Northern,Rajasthan,Ajmer,Ajmer Sharif Dargah,Shrine,1236.0,1.0,4.6,0,Yes,Open All Days,Religious,No,0.35,All,790.0,Known,Ancient,Very Low,Quick Visit,0.9142857142857141,0.046008119079837616,0.0,0.6709452928668084,1.380481125271555,Shrine Religious Very Low Quick Visit All
Northern,Rajasthan,Jodhpur,Mehrangarh Fort,Fort,1459.0,2.0,4.6,100,Yes,Open All Days,Historical,Yes,0.64,All,567.0,Known,Ancient,Low,Quick Visit,0.9142857142857141,0.08525033829499325,0.013333333333333334,0.6800512919646884,2.2756027124460925,Fort Historical Low Quick Visit All
Northern,Rajasthan,Chittorgarh,Chittorgarh Fort,Fort,700.0,2.0,4.6,40,No,Open All Days,Historical,Yes,1.9,All,1326.0,Known,Ancient,Very Low,Quick Visit,0.9142857142857141,0.2557510148849797,0.005333333333333334,0.7328014949416843,4.897669390165169,Fort Historical Very Low Quick Visit All
Northern,Rajasthan,Mount Abu,Dilwara Temples,Temple,1100.0,1.0,4.6,0,No,Open All Days,Religious,No,0.05,All,926.0,Known,Ancient,Very Low,Quick Visit,0.9142857142857141,0.005412719891745603,0.0,0.6587666731103807,0.2244347551793872,Temple Religious Very Low Quick Visit All
Northern,Rajasthan,Bikaner,Junagarh Fort,Fort,1589.0,2.0,4.5,50,Yes,Open All Days,Historical,Yes,0.32,All,437.0,Known,Heritage,Very Low,Quick Visit,0.8857142857142857,0.04194857916102842,0.006666666666666667,0.654108383272118,1.2493428146922578,Fort Historical Very Low Quick Visit All
Northern,Rajasthan,Jaipur,Amber Fort,Fort,1592.0,2.0,4.6,100,Yes,Open All Days,Historical,Yes,1.5,All,434.0,Known,Heritage,Low,Quick Visit,0.9142857142857141,0.20162381596752368,0.013333333333333334,0.7149633352664475,4.214937366621113,Fort Historical Low Quick Visit All
Northern,Rajasthan,Jaipur,Jaigarh Fort,Fort,1726.0,1.5,4.5,35,Yes,Open All Days,Historical,Yes,0.3,All,300.0,Known,Heritage,Very Low,Quick Visit,0.8857142857142857,0.03924221921515561,0.004666666666666667,0.6536964752883562,1.1806391901037099,Fort Historical Very Low Quick Visit All
Northern,Rajasthan,Udaipur,Lake Pichola,Lake,1362.0,1.0,4.6,0,Yes,Open All Days,Nature,Yes,0.5,All,664.0,Known,Ancient,Very Low,Quick Visit,0.9142857142857141,0.06630581867388363,0.0,0.6770346027450223,1.8651394972975561,Lake Nature Very Low Quick Visit All
Northern,Punjab,Amritsar,Golden Temple (Harmandir Sahib),Religious Site,1604.0,1.5,4.9,0,Yes,Open All Days,Spiritual,Yes,1.9,All,422.0,Known,Heritage,Very Low,Quick Visit,1.0000000000000002,0.2557510148849797,0.0,0.776725304465494,5.2170826112628985,Religious Site Spiritual Very Low Quick Visit All
Northern,Punjab,Amritsar,Jallianwala Bagh,Memorial,1951.0,1.0,4.8,0,Yes,Open All Days,Historical,Yes,0.3,Afternoon,75.0,Known,Historic,Very Low,Quick Visit,0.9714285714285713,0.03924221921515561,0.0,0.6974869514788323,1.259348469443957,Memorial Historical Very Low Quick Visit Afternoon
Northern,Punjab,Amritsar,Wagah Border,Border Crossing,1950.0,2.0,4.8,0,Yes,Open All Days,Cultural,Yes,0.17,Evening,76.0,Known,Historic,Very Low,Quick Visit,0.9714285714285713,0.02165087956698241,0.0,0.6922095495843804,0.7536179942863908,Border Crossing Cultural Very Low Quick Visit Evening
Northern,Punjab,Chandigarh,Rock Garden,Sculpture Garden,1976.0,2.0,4.5,30,Yes,Open All Days,Artistic,Yes,0.5,All,50.0,Known,Historic,Very Low,Quick Visit,0.8857142857142857,0.06630581867388363,0.004,0.661948888459308,1.8245929864867398,Sculpture Garden Artistic Very Low Quick Visit All
Southern,Kerala,Alappuzha,Alappuzha Beach,Beach,,1.5,4.5,0,Yes,Open All Days,Recreational,Yes,0.11,All,150.0,Unknown,Historic,Very Low,Quick Visit,0.8857142857142857,0.013531799729364006,0.0,0.646916682775952,0.4696200689590925,Beach Recreational Very Low Quick Visit All
Southern,Kerala,Munnar,Munnar Tea Gardens,Scenic Area,,2.0,4.3,0,No,Open All Days,Nature,Yes,0.3,All,150.0,Unknown,Historic,Very Low,Quick Visit,0.8285714285714285,0.03924221921515561,0.0,0.6260583800502609,1.1281663372102115,Scenic Area Nature Very Low Quick Visit All
Southern,Kerala,Kochi,Fort Kochi,Site,1503.0,1.0,4.4,0,Yes,Open All Days,Historical,Yes,0.1,All,523.0,Known,Ancient,Very Low,Quick Visit,0.8571428571428572,0.012178619756427604,0.0,0.6322250144983569,0.41936479113902947,Site Historical Very Low Quick Visit All
Southern,Kerala,Thiruvananthapuram,Padmanabhaswamy Temple,Temple,,1.0,4.7,0,Yes,Open All Days,Religious,No,0.46,All,150.0,Unknown,Historic,Very Low,Quick Visit,0.9428571428571428,0.06089309878213803,0.0,0.6896965010632128,1.778651247885152,Temple Religious Very Low Quick Visit All
Southern,Kerala,Kozhikode,Kozhikode Beach,Beach,,1.5,3.9,0,Yes,Open All Days,Recreational,Yes,0.059,All,150.0,Unknown,Historic,Very Low,Quick Visit,0.7142857142857142,0.006630581867388361,0.0,0.5591320317030737,0.22356775981515065,Beach Recreational Very Low Quick Visit All
Southern,Kerala,Wayanad,Wayanad Wildlife Sanctuary,Wildlife Sanctuary,,3.0,4.5,300,No,Open All Days,Wildlife,Yes,2.2,All,150.0,Unknown,Historic,Medium,Half Day,0.8857142857142857,0.2963464140730718,0.04,0.7237610670790644,5.2341786441255636,Wildlife Sanctuary Wildlife Medium Half Day All
Southern,Kerala,Thekkady,Periyar National Park,National Park,1982.0,3.0,4.3,50,No,Open All Days,Wildlife,Yes,0.14,All,44.0,Known,Modern,Very Low,Half Day,0.8285714285714285,0.017591339648173207,0.006666666666666667,0.6182297828468328,0.5634215283475377,National Park Wildlife Very Low Half Day All
Southern,Kerala,Kumarakom,Kumarakom Bird Sanctuary,Bird Sanctuary,1972.0,2.0,3.8,50,Yes,Open All Days,Wildlife,Yes,0.1,All,54.0,Known,Historic,Very Low,Quick Visit,0.6857142857142857,0.012178619756427604,0.006666666666666667,0.5451773954507377,0.3621786832564345,Bird Sanctuary Wildlife Very Low Quick Visit All
Southern,Kerala,Varkala,Varkala Beach,Beach,,2.0,4.6,0,Yes,Open All Days,Recreational,Yes,0.1,All,150.0,Unknown,Historic,Very Low,Quick Visit,0.9142857142857141,0.012178619756427604,0.0,0.6607964430697854,0.43842682709989433,Beach Recreational Very Low Quick Visit All
Southern,Kerala,Bekal,Bekal Fort,Fort,1650.0,1.5,4.5,20,No,Open All Days,Historical,Yes,0.22,All,376.0,Known,Heritage,Very Low,Quick Visit,0.8857142857142857,0.028416779431664412,0.002666666666666667,0.6508488433533088,0.8948288643532434,Fort Historical Very Low Quick Visit All
Southern,Kerala,Kovalam,Kovalam Beach,Beach,,2.0,4.4,0,Yes,Open All Days,Recreational,Yes,0.68,All,150.0,Unknown,Historic,Very Low,Quick Visit,0.8571428571428572,0.09066305818673885,0.0,0.6557703460274502,2.2826926910267376,Beach Recreational Very Low Quick Visit All
Southern,Kerala,Kannur,St. Angelo Fort,Fort,1505.0,1.0,4.4,20,Yes,Open All Days,Historical,Yes,0.11,All,521.0,Known,Ancient,Very Low,Quick Visit,0.8571428571428572,0.013531799729364006,0.002666666666666667,0.6320976351569045,0.45918406742666823,Fort Historical Very Low Quick Visit All
Southern,Kerala,Nelliyampathy,Seethargundu Viewpoint,Viewpoint,,1.0,4.5,0,No,Open All Days,Nature,Yes,0.03,Morning,150.0,Unknown,Historic,Very Low,Quick Visit,0.8857142857142857,0.002706359945872801,0.0,0.6436690508409046,0.1330146100869498,Viewpoint Nature Very Low Quick Visit Morning
Southern,Kerala,Kochi,Kerala Folklore Museum,Cultural,2009.0,1.5,4.4,100,Yes,Monday,Cultural,Yes,0.1,All,17.0,Known,Modern,Low,Quick Visit,0.8571428571428572,0.012178619756427604,0.013333333333333334,0.6295583478316902,0.41936479113902947,Cultural Cultural Low Quick Visit All
Southern,Kerala,Kochi,Wonderla Amusement Park,Amusement Park,2016.0,5.5,4.6,750,Yes,Open All Days,Entertainment,Yes,0.41,All,10.0,Known,Modern,High,Full Day,0.9142857142857141,0.054127198917456015,0.1,0.6533810168180939,1.5805126401943537,Amusement Park Entertainment High Full Day All
Southern,Karnataka,Mysore,Mysore Palace,Palace,1912.0,2.0,4.6,50,Yes,Open All Days,Historical,Yes,2.5,All,114.0,Known,Historic,Very Low,Quick Visit,0.9142857142857141,0.33694181326116374,0.006666666666666667,0.7568920677878729,5.762709655078693,Palace Historical Very Low Quick Visit All
Southern,Karnataka,Hampi,Hampi Archaeological Ruins,Site,,3.0,4.7,0,No,Open All Days,Historical,Yes,0.05,All,150.0,Unknown,Historic,Very Low,Half Day,0.9428571428571428,0.005412719891745603,0.0,0.6730523873960952,0.22931377159633043,Site Historical Very Low Half Day All
Southern,Karnataka,Coorg,Abbey Falls,Waterfall,,1.0,4.1,0,No,Open All Days,Nature,Yes,0.03,Morning,150.0,Unknown,Historic,Very Low,Quick Visit,0.7714285714285714,0.002706359945872801,0.0,0.5865261936980475,0.12119108919033203,Waterfall Nature Very Low Quick Visit Morning
Southern,Karnataka,Gokarna,Om Beach,Beach,,2.0,4.5,0,No,Open All Days,Nature,Yes,0.09,All,150.0,Unknown,Historic,Very Low,Quick Visit,0.8857142857142857,0.010825439783491203,0.0,0.6461047747921902,0.3877996330847355,Beach Nature Very Low Quick Visit All
Southern,Karnataka,Chikmagalur,Mullayanagiri,Mountain Peak,,3.0,4.5,0,No,Open All Days,Nature,Yes,0.05,All,150.0,Unknown,Historic,Very Low,Half Day,0.8857142857142857,0.005412719891745603,0.0,0.6444809588246665,0.21955573876244402,Mountain Peak Nature Very Low Half Day All
Southern,Karnataka,Badami,Badami Cave Temples,Cave,600.0,1.5,4.6,30,No,Open All Days,Religious,No,0.2,All,1426.0,Known,Ancient,Very Low,Quick Visit,0.9142857142857141,0.02571041948579161,0.004,0.6640559829885946,0.8386791612521912,Cave Religious Very Low Quick Visit All
Southern,Karnataka,Shivamogga,Jog Falls,Waterfall,1900.0,1.5,4.6,30,No,Open All Days,Nature,Yes,0.23,Morning,126.0,Known,Historic,Very Low,Quick Visit,0.9142857142857141,0.029769959404600813,0.004,0.6652738449642374,0.9522651791679002,Waterfall Nature Very Low Quick Visit Morning
Southern,Karnataka,Mangalore,Panambur Beach,Beach,,1.5,4.5,0,Yes,Open All Days,Recreational,Yes,0.1,All,150.0,Unknown,Historic,Very Low,Quick Visit,0.8857142857142857,0.012178619756427604,0.0,0.6465107287840711,0.4288958091194619,Beach Recreational Very Low Quick Visit All
Southern,Karnataka,Murudeshwar,Murudeshwar Temple,Temple,,1.0,4.7,0,Yes,Open All Days,Religious,No,0.49,All,150.0,Unknown,Historic,Very Low,Quick Visit,0.9428571428571428,0.06495263870094722,0.0,0.6909143630388557,1.8742477637996287,Temple Religious Very Low Quick Visit All
Southern,Karnataka,Bijapur,Gol Gumbaz,Mausoleum,1656.0,1.5,4.5,20,No,Open All Days,Historical,Yes,0.25,All,370.0,Known,Heritage,Very Low,Quick Visit,0.8857142857142857,0.03247631935047361,0.002666666666666667,0.6520667053289516,1.004145980913944,Mausoleum Historical Very Low Quick Visit All
Southern,Karnataka,Bandipur,Bandipur National Park,National Park,1974.0,3.0,4.4,300,No,Open All Days,Wildlife,Yes,0.15,Morning,52.0,Known,Historic,Medium,Half Day,0.8571428571428572,0.018944519621109605,0.04,0.6262547844577615,0.6149525464506983,National Park Wildlife Medium Half Day Morning
Southern,Karnataka,Halebidu,Halebidu Hoysaleswara Temple,Temple,1121.0,1.0,4.7,15,No,Open All Days,Religious,No,0.11,All,905.0,Known,Ancient,Very Low,Quick Visit,0.9428571428571428,0.013531799729364006,0.002,0.6750881113473806,0.4904920720239411,Temple Religious Very Low Quick Visit All
Western,Maharastra,Pune,Shaniwar Wada,Fort,1732.0,2.0,4.4,50,Yes,Open All Days,Historical,Yes,1.2,All,294.0,Known,Heritage,Very Low,Quick Visit,0.8571428571428572,0.16102841677943164,0.006666666666666667,0.6755466202719247,3.469212385602789,Fort Historical Very Low Quick Visit All
Western,Maharastra,Aurangabad,Ajanta Caves,Cave,200.0,3.0,4.6,30,Yes,Monday,Historical,Yes,0.21,Afternoon,1826.0,Known,Ancient,Very Low,Half Day,0.9142857142857141,0.027063599458728008,0.004,0.6644619369804755,0.8768536541997886,Cave Historical Very Low Half Day Afternoon
Western,Maharastra,Nashik,Sula Vineyards,Vineyard,1999.0,2.0,4.1,300,Yes,Open All Days,Recreational,Yes,0.1,Afternoon,27.0,Known,Modern,Medium,Quick Visit,0.7714285714285714,0.012178619756427604,0.04,0.581367871641214,0.3907717371977319,Vineyard Recreational Medium Quick Visit Afternoon
Western,Maharastra,Shirdi,Sai Baba Temple,Temple,1922.0,1.5,4.7,0,Yes,Open All Days,Religious,No,0.69,All,104.0,Known,Historic,Very Low,Quick Visit,0.9428571428571428,0.09201623815967523,0.0,0.699033442876474,2.466224085994416,Temple Religious Very Low Quick Visit All
Western,Maharastra,Alibaug,Alibaug Beach,Beach,,1.5,4.2,0,Yes,Open All Days,Recreational,Yes,0.05,Evening,150.0,Unknown,Historic,Very Low,Quick Visit,0.8,0.005412719891745603,0.0,0.6016238159675238,0.20491868951161443,Beach Recreational Very Low Quick Visit Evening
Western,Maharastra,Ratnagiri,Ganapatipule Temple,Temple,1600.0,1.0,4.7,0,No,Open All Days,Religious,No,0.1,All,426.0,Known,Heritage,Very Low,Quick Visit,0.9428571428571428,0.012178619756427604,0.0,0.6750821573554997,0.4479578450803269,Temple Religious Very Low Quick Visit All
Western,Maharastra,Nagpur,Deekshabhoomi,Monument,2001.0,1.0,4.5,0,Yes,Open All Days,Religious,Yes,0.11,Afternoon,25.0,Known,Modern,Very Low,Quick Visit,0.8857142857142857,0.013531799729364006,0.0,0.646916682775952,0.4696200689590925,Monument Religious Very Low Quick Visit Afternoon
Western,Maharastra,Kolhapur,Mahalakshmi Temple,Temple,700.0,1.0,4.8,0,Yes,Open All Days,Religious,No,0.9,All,1326.0,Known,Ancient,Very Low,Quick Visit,0.9714285714285713,0.12043301759133966,0.0,0.7218441909916875,3.080898653627495,Temple Religious Very Low Quick Visit All
Western,Maharastra,Lonavala,Karla Caves,Cave,200.0,1.5,4.4,25,Yes,Yes,Historical,Yes,0.27,Afternoon,1826.0,Known,Ancient,Very Low,Quick Visit,0.8571428571428572,0.035182679296346414,0.0033333333333333335,0.6384595656936659,1.0516743620701998,Cave Historical Very Low Quick Visit Afternoon
Western,Maharashtra,Tarkarli,Tarkarli Beach,Beach,,2.0,4.6,0,No,Open All Days,Recreational,Yes,0.065,Evening,150.0,Unknown,Historic,Very Low,Quick Visit,0.9142857142857141,0.0074424898511502025,0.0,0.6593756040982022,0.28968407614238684,Beach Recreational Very Low Quick Visit Evening
Western,Maharashtra,Satara,Kaas Plateau,Valley,,2.0,4.4,300,No,Open All Days,Nature,Yes,0.05,Afternoon,150.0,Unknown,Historic,Medium,Quick Visit,0.8571428571428572,0.005412719891745603,0.04,0.6221952445389523,0.21467672234550084,Valley Nature Medium Quick Visit Afternoon
Western,Maharashtra,Matheran,Echo Point,Viewpoint,1828.0,1.5,4.4,0,Yes,Open All Days,Nature,Yes,0.02,Morning,198.0,Known,Historic,Very Low,Quick Visit,0.8571428571428572,0.0013531799729364006,0.0,0.6289773825633096,0.08713156010319074,Viewpoint Nature Very Low Quick Visit Morning
Western,Maharashtra,Ajanta,Ellora Caves,Cave,600.0,3.0,4.7,30,Yes,Tuesday,Historical,Yes,0.49,Afternoon,1426.0,Known,Ancient,Very Low,Half Day,0.9428571428571428,0.06495263870094722,0.004,0.6901143630388556,1.8742477637996287,Cave Historical Very Low Half Day Afternoon
Central,Madhya Pradesh,Khajuraho,Khajuraho Group of Monuments,Temples,-850.0,2.0,4.7,40,No,Open All Days,Cultural,Yes,0.09,Afternoon,2876.0,Known,Ancient,Very Low,Quick Visit,0.9428571428571428,0.010825439783491203,0.005333333333333334,0.6736095366969521,0.40503517233294595,Temples Cultural Very Low Quick Visit Afternoon
Central,Madhya Pradesh,Bhopal,Sanchi Stupa,Monument,-300.0,1.5,4.7,30,Yes,Open All Days,Historical,Yes,0.01,Afternoon,2326.0,Known,Ancient,Very Low,Quick Visit,0.9428571428571428,0.0,0.004,0.6706285714285715,0.04676655500988999,Monument Historical Very Low Quick Visit Afternoon
Central,Madhya Pradesh,Indore,Rajwada Palace,Palace,1747.0,1.0,4.4,10,Yes,Open All Days,Historical,Yes,0.63,Afternoon,279.0,Known,Heritage,Very Low,Quick Visit,0.8571428571428572,0.08389715832205684,0.0013333333333333335,0.653473909401379,2.1497520652021525,Palace Historical Very Low Quick Visit Afternoon
Central,Madhya Pradesh,Gwalior,Gwalior Fort,Fort,900.0,2.5,4.5,75,Yes,Open All Days,Historical,Yes,0.4,Morning,1126.0,Known,Ancient,Low,Half Day,0.8857142857142857,0.05277401894451962,0.01,0.6566893485404988,1.5141250647954583,Fort Historical Low Half Day Morning
Central,Madhya Pradesh,Ujjain,Mahakaleshwar Jyotirlinga,Temple,-3500.0,1.5,4.8,0,Yes,Open All Days,Religious,No,1.2,All,5526.0,Known,Ancient,Very Low,Quick Visit,0.9714285714285713,0.16102841677943164,0.0,0.7340228107481153,3.7845953297484964,Temple Religious Very Low Quick Visit All
Central,Madhya Pradesh,Jabalpur,Dhuandhar Falls,Waterfall,,1.0,4.5,0,No,Open All Days,Nature,Yes,0.01,Morning,150.0,Unknown,Historic,Very Low,Quick Visit,0.8857142857142857,0.0,0.0,0.6428571428571428,0.044776488839256376,Waterfall Nature Very Low Quick Visit Morning
Central,Madhya Pradesh,Pachmarhi,Bee Falls,Waterfall,,1.5,4.6,15,No,Open All Days,Nature,Yes,0.065,Morning,150.0,Unknown,Historic,Very Low,Quick Visit,0.9142857142857141,0.0074424898511502025,0.002,0.6589756040982021,0.28968407614238684,Waterfall Nature Very Low Quick Visit Morning
Central,Madhya Pradesh,Kanha,Kanha National Park,Wildlife Sanctuary,1955.0,3.0,4.5,100,No,Open All Days,Wildlife,Yes,0.1,Morning,71.0,Known,Historic,Low,Half Day,0.8857142857142857,0.012178619756427604,0.013333333333333334,0.6438440621174044,0.4288958091194619,Wildlife Sanctuary Wildlife Low Half Day Morning
Central,Madhya Pradesh,Bandhavgarh,Bandhavgarh National Park,National Park,1968.0,3.0,4.5,50,No,Open All Days,Wildlife,Yes,0.05,Morning,58.0,Known,Historic,Very Low,Half Day,0.8857142857142857,0.005412719891745603,0.006666666666666667,0.6431476254913332,0.21955573876244402,National Park Wildlife Very Low Half Day Morning
Central,Madhya Pradesh,Orchha,Orchha Fort,Fort,1500.0,1.5,4.8,10,No,Open All Days,Historical,Yes,0.1,Afternoon,526.0,Known,Ancient,Very Low,Quick Visit,0.9714285714285713,0.012178619756427604,0.0013333333333333335,0.6891012049745473,0.4574888630607593,Fort Historical Very Low Quick Visit Afternoon
Central,Madhya Pradesh,Mandu,Jahaz Mahal,Site,1500.0,1.0,3.9,50,No,Open All Days,Historical,Yes,0.03,Afternoon,526.0,Known,Ancient,Very Low,Quick Visit,0.7142857142857142,0.002706359945872801,0.006666666666666667,0.5566214317932856,0.11527932874202317,Site Historical Very Low Quick Visit Afternoon
Central,Madhya Pradesh,Bhimbetka,Bhimbetka Rock Shelters,Prehistoric Site,1958.0,2.0,4.6,25,No,Open All Days,Archaeological,Yes,0.07,Afternoon,68.0,Known,Historic,Very Low,Quick Visit,0.9142857142857141,0.008119079837618403,0.0033333333333333335,0.658911914427476,0.3112297829795481,Prehistoric Site Archaeological Very Low Quick Visit Afternoon
Central,Madhya Pradesh,Amarkantak,Narmada Udgam Temple,Temple,1200.0,1.0,4.4,0,No,Open All Days,Religious,Yes,0.01,All,826.0,Known,Ancient,Very Low,Quick Visit,0.8571428571428572,0.0,0.0,0.6285714285714286,0.04378145575393957,Temple Religious Very Low Quick Visit All
Central,Madhya Pradesh,Chitrakoot,Chitrakoot Falls,Waterfall,,1.5,4.4,0,No,Open All Days,Nature,Yes,0.1,Morning,150.0,Unknown,Historic,Very Low,Quick Visit,0.8571428571428572,0.012178619756427604,0.0,0.6322250144983569,0.41936479113902947,Waterfall Nature Very Low Quick Visit Morning
Northern,Himachal Pradesh,Shimla,The Ridge,Scenic Point,,1.0,4.7,0,Yes,Open All Days,Recreational,Yes,0.03,Morning,150.0,Unknown,Historic,Very Low,Quick Visit,0.9428571428571428,0.002706359945872801,0.0,0.6722404794123333,0.1389263705352587,Scenic Point Recreational Very Low Quick Visit Morning
Northern,Himachal Pradesh,Manali,Solang Valley,Valley,,2.0,4.1,0,No,Open All Days,Adventure,Yes,0.05,Morning,150.0,Unknown,Historic,Very Low,Quick Visit,0.7714285714285714,0.005412719891745603,0.0,0.5873381016818093,0.20003967309467122,Valley Adventure Very Low Quick Visit Morning
Northern,Himachal Pradesh,dalhousie,Dalai Lama Temple,Temple,1959.0,1.5,4.7,0,Yes,Open All Days,Religious,No,0.15,All,67.0,Known,Historic,Very Low,Quick Visit,0.9428571428571428,0.018944519621109605,0.0,0.6771119273149043,0.6568811291632458,Temple Religious Very Low Quick Visit All
Northern,Himachal Pradesh,Dalhousie,Khajjiar Lake,Lake,,1.5,4.5,0,No,Open All Days,Nature,Yes,0.1,Morning,150.0,Unknown,Historic,Very Low,Quick Visit,0.8857142857142857,0.012178619756427604,0.0,0.6465107287840711,0.4288958091194619,Lake Nature Very Low Quick Visit Morning
Northern,Himachal Pradesh,Spiti Valley,Key Monastery,Monastery,1100.0,1.0,4.8,0,No,Open All Days,Religious,Yes,0.025,Morning,926.0,Known,Ancient,Very Low,Quick Visit,0.9714285714285713,0.0020297699594046007,0.0,0.686323216702107,0.1185245404337832,Monastery Religious Very Low Quick Visit Morning
Northern,Himachal Pradesh,Kullu,Great Himalayan National Park,National Park,1984.0,3.0,4.5,50,No,Open All Days,Wildlife,Yes,0.2,All,42.0,Known,Modern,Very Low,Half Day,0.8857142857142857,0.02571041948579161,0.006666666666666667,0.649236935369547,0.8204470055727958,National Park Wildlife Very Low Half Day All
Northern,Himachal Pradesh,Chamba,Chamera Lake,Lake,,2.0,4.4,0,No,Open All Days,Recreational,Yes,0.01,Morning,150.0,Unknown,Historic,Very Low,Quick Visit,0.8571428571428572,0.0,0.0,0.6285714285714286,0.04378145575393957,Lake Recreational Very Low Quick Visit Morning
Northern,Himachal Pradesh,Kinnaur,Sangla Valley,Valley,,2.0,4.5,0,No,Open All Days,Nature,Yes,0.01,Morning,150.0,Unknown,Historic,Very Low,Quick Visit,0.8857142857142857,0.0,0.0,0.6428571428571428,0.044776488839256376,Valley Nature Very Low Quick Visit Morning
Northern,Himachal Pradesh,Kangra,Kangra Fort,Fort,400.0,2.0,4.4,150,Yes,Open All Days,Historical,Yes,0.1,All,1626.0,Known,Ancient,Low,Quick Visit,0.8571428571428572,0.012178619756427604,0.02,0.6282250144983569,0.41936479113902947,Fort Historical Low Quick Visit All
Northern,Himachal Pradesh,Palampur,Tea Gardens,Tea Plantation,1950.0,1.5,4.6,0,Yes,Open All Days,Agricultural,Yes,0.015,Morning,76.0,Known,Historic,Very Low,Quick Visit,0.9142857142857141,0.0006765899864682001,0.0,0.6573458341387975,0.06848761747125301,Tea Plantation Agricultural Very Low Quick Visit Morning
Northern,Himachal Pradesh,Mandi,Prashar Lake,Lake,1400.0,1.5,4.6,0,No,Open All Days,Nature,Yes,0.01,Morning,626.0,Known,Ancient,Very Low,Quick Visit,0.9142857142857141,0.0,0.0,0.657142857142857,0.04577152192457318,Lake Nature Very Low Quick Visit Morning
Northern,Himachal Pradesh,Bir Billing,Paragliding Site,Adventure Sport,2005.0,2.0,4.8,2500,No,Open All Days,Adventure,Yes,0.01,All,21.0,Known,Modern,High,Quick Visit,0.9714285714285713,0.0,0.33333333333333337,0.619047619047619,0.0477615880952068,Adventure Sport Adventure High Quick Visit All
Northern,Himachal Pradesh,McLeod Ganj,Triund Trek,Trekking,,5.0,4.8,0,Yes,Open All Days,Adventure,Yes,0.01,Morning,150.0,Unknown,Historic,Very Low,Full Day,0.9714285714285713,0.0,0.0,0.6857142857142857,0.0477615880952068,Trekking Adventure Very Low Full Day Morning
Northern,Himachal Pradesh,Manikaran,Manikaran Sahib,Gurudwara,1980.0,1.0,4.6,0,No,Open All Days,Religious,Yes,1.3,Morning,46.0,Known,Modern,Very Low,Quick Visit,0.9142857142857141,0.17456021650879566,0.0,0.7095109220954958,3.8313819655014782,Gurudwara Religious Very Low Quick Visit Morning
Northern,Himachal Pradesh,Narkanda,Hatu Peak,Viewpoint,,2.0,4.5,0,Yes,Open All Days,Nature,Yes,1.1,All,150.0,Unknown,Historic,Very Low,Quick Visit,0.8857142857142857,0.14749661705006767,0.0,0.6871061279721631,3.338718051282198,Viewpoint Nature Very Low Quick Visit All
Northern,Himachal Pradesh,Barot,Barot Valley,Valley,,2.0,4.7,0,No,Open All Days,Nature,Yes,1.2,Morning,150.0,Unknown,Historic,Very Low,Quick Visit,0.9428571428571428,0.16102841677943164,0.0,0.719737096462401,3.70574959371207,Valley Nature Very Low Quick Visit Morning
Northern,Himachal Pradesh,Shoja,Serolsar Lake,Lake,,2.5,4.4,0,No,Open All Days,Nature,Yes,0.9,Morning,150.0,Unknown,Historic,Very Low,Half Day,0.8571428571428572,0.12043301759133966,0.0,0.6647013338488306,2.8241570991585374,Lake Nature Very Low Half Day Morning
Northern,Himachal Pradesh,Kufri,Kufri Fun World,Ski Resort,1975.0,5.0,3.8,1500,Yes,Open All Days,Recreational,Yes,0.1,All,51.0,Known,Historic,High,Full Day,0.6857142857142857,0.012178619756427604,0.2,0.5065107287840711,0.3621786832564345,Ski Resort Recreational High Full Day All
Northern,Uttarakhand,Nainital,Naini Lake,Lake,,1.5,4.2,0,Yes,Open All Days,Nature,Yes,0.01,Morning,150.0,Unknown,Historic,Very Low,Quick Visit,0.8,0.0,0.0,0.6000000000000001,0.04179138958330595,Lake Nature Very Low Quick Visit Morning
Northern,Uttarakhand,Rishikesh,Laxman Jhula,Suspension Bridge,1939.0,1.0,4.4,0,Yes,Open All Days,Cultural,Yes,0.03,Morning,87.0,Known,Historic,Very Low,Quick Visit,0.8571428571428572,0.002706359945872801,0.0,0.6293833365551904,0.13005872986279537,Suspension Bridge Cultural Very Low Quick Visit Morning
Northern,Uttarakhand,Haridwar,Har Ki Pauri,Ghat,,1.0,4.5,0,Yes,Open All Days,Religious,Yes,0.025,All,150.0,Unknown,Historic,Very Low,Quick Visit,0.8857142857142857,0.0020297699594046007,0.0,0.6434660738449642,0.11111675665667176,Ghat Religious Very Low Quick Visit All
Northern,Uttarakhand,Dehradun,Robber's Cave,Cave,,1.5,4.5,25,Yes,Open All Days,Nature,Yes,0.01,Morning,150.0,Unknown,Historic,Very Low,Quick Visit,0.8857142857142857,0.0,0.0033333333333333335,0.6421904761904762,0.044776488839256376,Cave Nature Very Low Quick Visit Morning
Northern,Uttarakhand,Mussoorie,Kempty Falls,Waterfall,,1.5,4.2,15,Yes,Open All Days,Nature,Yes,0.55,Morning,150.0,Unknown,Historic,Very Low,Quick Visit,0.8,0.07307171853856564,0.002,0.6215215155615696,1.8406707099108524,Waterfall Nature Very Low Quick Visit Morning
Northern,Uttarakhand,Auli,Auli Ski Resort,Ski Resort,1990.0,3.0,4.5,0,No,Open All Days,Adventure,Yes,0.01,Morning,36.0,Known,Modern,Very Low,Half Day,0.8857142857142857,0.0,0.0,0.6428571428571428,0.044776488839256376,Ski Resort Adventure Very Low Half Day Morning
Northern,Uttarakhand,Badrinath,Badrinath Temple,Temple,-820.0,1.0,4.8,0,No,Open All Days,Religious,No,0.29,All,2846.0,Known,Ancient,Very Low,Quick Visit,0.9714285714285713,0.03788903924221921,0.0,0.6970809974869514,1.2222826481931872,Temple Religious Very Low Quick Visit All
Northern,Uttarakhand,Almora,Binsar Wildlife Sanctuary,Wildlife Sanctuary,1988.0,2.0,4.3,150,No,Open All Days,Wildlife,Yes,0.01,All,38.0,Known,Modern,Low,Quick Visit,0.8285714285714285,0.0,0.02,0.6102857142857143,0.04278642266862276,Wildlife Sanctuary Wildlife Low Quick Visit All
Northern,Uttarakhand,Ranikhet,Chaubatia Gardens,Orchard,1868.0,1.0,4.0,50,No,Open All Days,Recreational,Yes,0.025,All,158.0,Known,Historic,Very Low,Quick Visit,0.7428571428571429,0.0020297699594046007,0.006666666666666667,0.5707041690830594,0.098770450361486,Orchard Recreational Very Low Quick Visit All
Northern,Uttarakhand,Jim Corbett,Jim Corbett National Park,National Park,1936.0,3.0,4.4,100,Yes,Open All Days,Wildlife,Yes,0.3,All,90.0,Known,Historic,Low,Half Day,0.8571428571428572,0.03924221921515561,0.013333333333333334,0.6376774276693087,1.1544027636569607,National Park Wildlife Low Half Day All
Northern,Uttarakhand,Uttarkashi,Gangotri Temple,Temple,1751.0,1.0,4.8,0,No,Open All Days,Religious,No,0.05,All,275.0,Known,Heritage,Very Low,Quick Visit,0.9714285714285713,0.005412719891745603,0.0,0.6873381016818094,0.23419278801327362,Temple Religious Very Low Quick Visit All
Northern,Uttarakhand,Chopta,Tungnath Temple,Temple,751.0,2.0,4.8,0,No,Open All Days,Religious,No,0.09,All,1275.0,Known,Ancient,Very Low,Quick Visit,0.9714285714285713,0.010825439783491203,0.0,0.688961917649333,0.41365294195705116,Temple Religious Very Low Quick Visit All
Northern,Uttarakhand,Joshimath,Valley of Flowers,National Park,1982.0,5.0,4.7,150,No,Open All Days,Nature,Yes,0.035,Morning,44.0,Known,Modern,Low,Full Day,0.9428571428571428,0.0033829499323410014,0.02,0.6684434564082737,0.16168670557146228,National Park Nature Low Full Day Morning
Central,Uttar Pradesh,Agra,Taj Mahal,Mausoleum,1632.0,2.0,4.6,50,Yes,Friday,Historical,Yes,2.25,Morning,394.0,Known,Heritage,Very Low,Quick Visit,0.9142857142857141,0.30311231393775373,0.006666666666666667,0.7467432179908499,5.421812983171572,Mausoleum Historical Very Low Quick Visit Morning
Central,Uttar Pradesh,Varanasi,Kashi Vishwanath Temple,Temple,,1.0,4.7,0,Yes,Open All Days,Religious,No,0.9,All,150.0,Unknown,Historic,Very Low,Quick Visit,0.9428571428571428,0.12043301759133966,0.0,0.7075584767059733,3.0167132650102557,Temple Religious Very Low Quick Visit All
Central,Uttar Pradesh,Lucknow,Bara Imambara,Monument,1784.0,1.5,4.4,50,Yes,Monday,Historical,No,0.45,All,242.0,Known,Heritage,Very Low,Quick Visit,0.8571428571428572,0.05953991880920163,0.006666666666666667,0.6451000708808557,1.6348796483029255,Monument Historical Very Low Quick Visit All
Central,Uttar Pradesh,Mathura,Krishna Janmabhoomi,Temple,,1.0,4.7,0,Yes,Open All Days,Religious,No,0.13,All,150.0,Unknown,Historic,Very Low,Quick Visit,0.9428571428571428,0.016238159675236806,0.0,0.6763000193311425,0.5744228738039713,Temple Religious Very Low Quick Visit All
Central,Uttar Pradesh,Ayodhya,Ram Janmabhoomi,Religious Site,,1.0,4.8,0,Yes,Open All Days,Religious,No,0.025,All,150.0,Unknown,Historic,Very Low,Quick Visit,0.9714285714285713,0.0020297699594046007,0.0,0.686323216702107,0.1185245404337832,Religious Site Religious Very Low Quick Visit All
Central,Uttar Pradesh,Vrindavan,Banke Bihari Temple,Temple,1864.0,1.0,4.8,0,Yes,Open All Days,Religious,No,0.37,All,162.0,Known,Historic,Very Low,Quick Visit,0.9714285714285713,0.04871447902571042,0.0,0.7003286294219988,1.511091551232161,Temple Religious Very Low Quick Visit All
Central,Uttar Pradesh,Allahabad,Triveni Sangam,Confluence,,1.0,4.5,0,Yes,Open All Days,Religious,Yes,0.09,Morning,150.0,Unknown,Historic,Very Low,Quick Visit,0.8857142857142857,0.010825439783491203,0.0,0.6461047747921902,0.3877996330847355,Confluence Religious Very Low Quick Visit Morning
Central,Uttar Pradesh,Jhansi,Jhansi Fort,Fort,1613.0,1.5,4.4,15,Yes,Open All Days,Historical,Yes,0.25,All,413.0,Known,Heritage,Very Low,Quick Visit,0.8571428571428572,0.03247631935047361,0.002,0.6379143243765707,0.981831625782523,Fort Historical Very Low Quick Visit All
Central,Uttar Pradesh,Sarnath,Dhamek Stupa,Monument,-500.0,1.0,4.6,5,Yes,Open All Days,Historical,Yes,0.065,All,2526.0,Known,Ancient,Very Low,Quick Visit,0.9142857142857141,0.0074424898511502025,0.0006666666666666668,0.6592422707648687,0.28968407614238684,Monument Historical Very Low Quick Visit All
Central,Uttar Pradesh,Fatehpur Sikri,Buland Darwaza,Monument,1571.0,2.0,4.4,40,Yes,Open All Days,Historical,Yes,0.07,Afternoon,455.0,Known,Heritage,Very Low,Quick Visit,0.8571428571428572,0.008119079837618403,0.005333333333333334,0.6299404858560474,0.29769805328478516,Monument Historical Very Low Quick Visit Afternoon
Central,Uttar Pradesh,Noida,Okhla Bird Sanctuary,Bird Sanctuary,1990.0,1.5,4.3,30,Yes,Open All Days,Wildlife,Yes,0.035,All,36.0,Known,Modern,Very Low,Quick Visit,0.8285714285714285,0.0033829499323410014,0.004,0.6145005992654166,0.14792613488452933,Bird Sanctuary Wildlife Very Low Quick Visit All
Central,Uttar Pradesh,Aligarh,Aligarh Fort,Fort,1524.0,1.0,4.1,20,Yes,Open All Days,Historical,Yes,0.0165,Afternoon,502.0,Known,Ancient,Very Low,Quick Visit,0.7714285714285714,0.0008795669824086605,0.002666666666666667,0.585444822475675,0.06709795175368351,Fort Historical Very Low Quick Visit Afternoon
Central,Uttar Pradesh,Meerut,Augarnath Temple,Temple,,1.0,4.8,0,Yes,Open All Days,Religious,No,0.045,All,150.0,Unknown,Historic,Very Low,Quick Visit,0.9714285714285713,0.004736129905277402,0.0,0.6871351246858689,0.21128105000051675,Temple Religious Very Low Quick Visit All
Central,Uttar Pradesh,Kanpur,Allen Forest Zoo,Zoo,1971.0,2.0,4.2,150,Yes,Monday,Wildlife,Yes,0.21,All,55.0,Known,Historic,Low,Quick Visit,0.8,0.027063599458728008,0.02,0.6041190798376184,0.8006055103563288,Zoo Wildlife Low Quick Visit All
Northern,Jammu and Kashmir,Srinagar,Dal Lake,Lake,,2.0,4.6,0,Yes,Open All Days,Nature,Yes,0.15,Morning,150.0,Unknown,Historic,Very Low,Quick Visit,0.9142857142857141,0.018944519621109605,0.0,0.66282621302919,0.6429049349257299,Lake Nature Very Low Quick Visit Morning
Northern,Ladakh,Leh,Pangong Tso,Lake,,2.0,4.9,20,Yes,Open All Days,Nature,Yes,0.15,Morning,150.0,Unknown,Historic,Very Low,Quick Visit,1.0000000000000002,0.018944519621109605,0.002666666666666667,0.7051500225529996,0.6848335176382776,Lake Nature Very Low Quick Visit Morning
Northern,Jammu and Kashmir,Pahalgam,Betaab Valley,Valley,,2.0,4.6,100,No,Open All Days,Nature,Yes,0.11,All,150.0,Unknown,Historic,Low,Quick Visit,0.9142857142857141,0.013531799729364006,0.013333333333333334,0.6585357303949997,0.4800560704915167,Valley Nature Low Quick Visit All
Northern,Jammu and Kashmir,Jammu,Vaishno Devi,Temple,,5.0,4.7,0,Yes,Open All Days,Religious,No,0.55,All,150.0,Unknown,Historic,Very Low,Full Day,0.9428571428571428,0.07307171853856564,0.0,0.6933500869901411,2.05979817537643,Temple Religious Very Low Full Day All
Northern,Jammu and Kashmir,Udhampur,Patnitop Height,Hill,,2.0,4.1,0,No,Open All Days,Recreational,Yes,0.01,All,150.0,Unknown,Historic,Very Low,Quick Visit,0.7714285714285714,0.0,0.0,0.5857142857142856,0.040796356497989135,Hill Recreational Very Low Quick Visit All
Northern,Jammu and Kashmir,Anantnag,Amarnath Cave,Temple,,6.0,4.5,0,No,Open All Days,Religious,Yes,0.11,All,150.0,Unknown,Historic,Very Low,Full Day,0.8857142857142857,0.013531799729364006,0.0,0.646916682775952,0.4696200689590925,Temple Religious Very Low Full Day All
Northern,Ladakh,Leh,Thiksey Monastery,Monastery,1430.0,1.5,4.7,20,Yes,Open All Days,Religious,No,0.05,All,596.0,Known,Ancient,Very Low,Quick Visit,0.9428571428571428,0.005412719891745603,0.002666666666666667,0.6725190540627618,0.22931377159633043,Monastery Religious Very Low Quick Visit All
Northern,Ladakh,Nubra Valley,Nubra Valley,Valley,,2.0,4.5,0,No,Open All Days,Nature,Yes,0.1,All,150.0,Unknown,Historic,Very Low,Quick Visit,0.8857142857142857,0.012178619756427604,0.0,0.6465107287840711,0.4288958091194619,Valley Nature Very Low Quick Visit All
Northern,Ladakh,Kargil,Kargil War Memorial,War Memorial,24.0,1.0,4.8,0,No,Open All Days,Historical,Yes,0.011,All,2002.0,Known,Ancient,Very Low,Quick Visit,0.9714285714285713,0.00013531799729363985,0.0,0.6857548811134737,0.052511712184004945,War Memorial Historical Very Low Quick Visit All
Northern,Ladakh,Diskit,Diskit Monastery,Monastery,1351.0,1.0,4.7,20,No,Open All Days,Religious,No,0.015,Morning,675.0,Known,Ancient,Very Low,Quick Visit,0.9428571428571428,0.0006765899864682001,0.002666666666666667,0.6710982150911786,0.06997647872062808,Monastery Religious Very Low Quick Visit Morning
Northern,Jammu and Kashmir,Kishtwar,Kishtwar National Park,National Park,1981.0,3.0,4.3,100,No,Open All Days,Wildlife,Yes,0.01,All,45.0,Known,Modern,Low,Half Day,0.8285714285714285,0.0,0.013333333333333334,0.6116190476190476,0.04278642266862276,National Park Wildlife Low Half Day All
Northern,Ladakh,Hemis,Hemis National Park,National Park,1981.0,4.0,4.4,20,No,Open All Days,Wildlife,Yes,0.02,All,45.0,Known,Modern,Very Low,Half Day,0.8571428571428572,0.0013531799729364006,0.002666666666666667,0.6284440492299762,0.08713156010319074,National Park Wildlife Very Low Half Day All
Northern,Ladakh,Dras,Dras War Memorial,War Memorial,,1.0,4.8,0,No,Open All Days,Historical,Yes,0.012,All,150.0,Unknown,Historic,Very Low,Quick Visit,0.9714285714285713,0.0002706359945872799,0.0,0.6857954765126619,0.05725714015331425,War Memorial Historical Very Low Quick Visit All
Northern,Ladakh,Leh,Magnetic Hill,Gravity Hill,,0.5,3.7,0,Yes,Open All Days,Nature,Yes,0.1,All,150.0,Unknown,Historic,Very Low,Quick Visit,0.6571428571428573,0.012178619756427604,0.0,0.5322250144983569,0.352647665276002,Gravity Hill Nature Very Low Quick Visit All
Northern,Ladakh,Leh,Khardung La Pass,Hill,,1.0,4.5,0,Yes,Open All Days,Adventure,Yes,0.05,Afternoon,150.0,Unknown,Historic,Very Low,Quick Visit,0.8857142857142857,0.005412719891745603,0.0,0.6444809588246665,0.21955573876244402,Hill Adventure Very Low Quick Visit Afternoon
Northern,Ladakh,Leh,Thiksey Monastery,Monastery,1430.0,1.5,4.7,30,Yes,Open All Days,Religious,No,0.05,All,596.0,Known,Ancient,Very Low,Quick Visit,0.9428571428571428,0.005412719891745603,0.004,0.6722523873960952,0.22931377159633043,Monastery Religious Very Low Quick Visit All
Central,Uttar Pradesh,Vrindavan,Prem Mandir,Temple,2012.0,1.5,4.8,0,Yes,Open All Days,Religious,Yes,0.49,Evening,14.0,Known,Modern,Very Low,Quick Visit,0.9714285714285713,0.06495263870094722,0.0,0.7052000773245699,1.9141253757953653,Temple Religious Very Low Quick Visit Evening
Central,Uttar Pradesh,Porbandar,Kirti Mandir,Memorial,1950.0,1.0,4.8,0,Yes,Open All Days,Historical,Yes,0.03,Morning,76.0,Known,Historic,Very Low,Quick Visit,0.9714285714285713,0.002706359945872801,0.0,0.6865261936980476,0.14188225075941313,Memorial Historical Very Low Quick Visit Morning
Central,Uttar Pradesh,Mathura,Nand Gaon,Village,,1.0,4.1,0,Yes,Open All Days,Cultural,Yes,0.01,Morning,150.0,Unknown,Historic,Very Low,Quick Visit,0.7714285714285714,0.0,0.0,0.5857142857142856,0.040796356497989135,Village Cultural Very Low Quick Visit Morning
Central,Uttar Pradesh,Mathura,Barsana Mandir,Temple,,1.0,4.8,0,Yes,Open All Days,Religious,Yes,0.1,Morning,150.0,Unknown,Historic,Very Low,Quick Visit,0.9714285714285713,0.012178619756427604,0.0,0.6893678716412139,0.4574888630607593,Temple Religious Very Low Quick Visit Morning
Eastern,West Bengal,Darjeeling,Tiger Hill,Sunrise Point,,1.0,4.5,0,No,Open All Days,Nature,Yes,0.025,All,150.0,Unknown,Historic,Very Low,Quick Visit,0.8857142857142857,0.0020297699594046007,0.0,0.6434660738449642,0.11111675665667176,Sunrise Point Nature Very Low Quick Visit All
Eastern,West Bengal,Siliguri,Jaldapara National Park,Wildlife Sanctuary,1941.0,3.0,4.4,250,Yes,Open All Days,Wildlife,Yes,0.035,All,85.0,Known,Historic,Medium,Half Day,0.8571428571428572,0.0033829499323410014,0.03333333333333333,0.6229196468844642,0.15136627755626259,Wildlife Sanctuary Wildlife Medium Half Day All
Eastern,West Bengal,Sundarbans,Sundarbans National Park,National Park,1984.0,4.0,4.4,60,No,Open All Days,Wildlife,Yes,0.065,All,42.0,Known,Modern,Low,Half Day,0.8571428571428572,0.0074424898511502025,0.008,0.6292041755267737,0.2770891163101092,National Park Wildlife Low Half Day All
Eastern,West Bengal,Digha,Digha Beach,Beach,,1.5,4.5,0,No,Open All Days,Recreational,Yes,0.09,Morning,150.0,Unknown,Historic,Very Low,Quick Visit,0.8857142857142857,0.010825439783491203,0.0,0.6461047747921902,0.3877996330847355,Beach Recreational Very Low Quick Visit Morning
Eastern,West Bengal,Murshidabad,Hazarduari Palace,Palace,1837.0,1.5,4.5,10,Yes,Friday,Historical,Yes,0.18,Morning,189.0,Known,Historic,Very Low,Quick Visit,0.8857142857142857,0.023004059539918808,0.0013333333333333335,0.6494916940524518,0.7448149731490802,Palace Historical Very Low Quick Visit Morning
Eastern,West Bengal,Bolpur,Kankalitala Temple,Temple,,0.5,4.7,0,Yes,Open All Days,Religious,No,0.045,All,150.0,Unknown,Historic,Very Low,Quick Visit,0.9428571428571428,0.004736129905277402,0.0,0.6728494104001547,0.2068793614588393,Temple Religious Very Low Quick Visit All
Eastern,West Bengal,Hooghly,Hangseswari Temple,Temple,1814.0,0.5,4.6,0,Yes,Open All Days,Architectural,No,0.07,All,212.0,Known,Heritage,Very Low,Quick Visit,0.9142857142857141,0.008119079837618403,0.0,0.6595785810941426,0.3112297829795481,Temple Architectural Very Low Quick Visit All
Eastern,West Bengal,Jalpaiguri,Gorumara National Park,National Park,1949.0,3.0,4.4,100,Yes,Open All Days,Wildlife,Yes,0.07,All,77.0,Known,Historic,Low,Half Day,0.8571428571428572,0.008119079837618403,0.013333333333333334,0.6283404858560475,0.29769805328478516,National Park Wildlife Low Half Day All
Eastern,West Bengal,Cooch Behar,Cooch Behar Palace,Palace,1887.0,1.0,4.5,20,Yes,Friday,Historical,Yes,0.09,All,139.0,Known,Historic,Very Low,Quick Visit,0.8857142857142857,0.010825439783491203,0.002666666666666667,0.6455714414588569,0.3877996330847355,Palace Historical Very Low Quick Visit All
Eastern,West Bengal,Purulia,Ayodhya Hills,Hill,,2.5,4.5,0,No,Open All Days,Nature,Yes,0.15,All,150.0,Unknown,Historic,Very Low,Half Day,0.8857142857142857,0.018944519621109605,0.0,0.6485404987434757,0.628928740688214,Hill Nature Very Low Half Day All
Eastern,Odisha,Puri,Jagannath Temple,Temple,,2.0,4.7,0,Yes,Open All Days,Religious,No,1.0,All,150.0,Unknown,Historic,Very Low,Quick Visit,0.9428571428571428,0.13396481732070364,0.0,0.7116180166247825,3.257791748631743,Temple Religious Very Low Quick Visit All
Eastern,Odisha,Konark,Sun Temple,Temple,1250.0,1.5,4.7,40,Yes,Open All Days,Historical,Yes,0.83,All,776.0,Known,Ancient,Very Low,Quick Visit,0.9428571428571428,0.11096075778078485,0.005333333333333334,0.7036501320961401,2.840285044210649,Temple Historical Very Low Quick Visit All
Eastern,Odisha,Bhubaneswar,Lingaraj Temple,Temple,,1.0,4.6,0,Yes,Open All Days,Religious,No,0.35,All,150.0,Unknown,Historic,Very Low,Quick Visit,0.9142857142857141,0.046008119079837616,0.0,0.6709452928668084,1.380481125271555,Temple Religious Very Low Quick Visit All
Eastern,Odisha,Rourkela,Khandadhar Waterfall,Waterfall,,1.5,4.5,0,No,Open All Days,Nature,Yes,1.2,All,150.0,Unknown,Historic,Very Low,Quick Visit,0.8857142857142857,0.16102841677943164,0.0,0.6911656678909723,3.5480581216392157,Waterfall Nature Very Low Quick Visit All
Eastern,Odisha,Cuttack,Barabati Fort,Fort,-987.0,1.0,4.5,0,Yes,Open All Days,Historical,Yes,0.13,All,3013.0,Known,Ancient,Very Low,Quick Visit,0.8857142857142857,0.016238159675236806,0.0,0.6477285907597139,0.5499793472591215,Fort Historical Very Low Quick Visit All
Eastern,Odisha,Sambalpur,Hirakud Dam,Dam,1957.0,1.0,4.5,0,No,Open All Days,Engineering Marvel,Yes,0.01,All,69.0,Known,Historic,Very Low,Quick Visit,0.8857142857142857,0.0,0.0,0.6428571428571428,0.044776488839256376,Dam Engineering Marvel Very Low Quick Visit All
Eastern,Odisha,Chilika,Chilika Lake,Lake,,2.0,3.9,0,Yes,Open All Days,Nature,Yes,0.1,Morning,150.0,Unknown,Historic,Very Low,Quick Visit,0.7142857142857142,0.012178619756427604,0.0,0.5607964430697854,0.371709701236867,Lake Nature Very Low Quick Visit Morning
Eastern,Odisha,Berhampur,Tara Tarini Temple,Temple,,1.0,4.6,0,Yes,Open All Days,Religious,No,0.01,All,150.0,Unknown,Historic,Very Low,Quick Visit,0.9142857142857141,0.0,0.0,0.657142857142857,0.04577152192457318,Temple Religious Very Low Quick Visit All
Eastern,Odisha,Keonjhar,Badaghagara Waterfall,Waterfall,,1.0,4.3,0,No,Open All Days,Nature,Yes,0.018,Morning,150.0,Unknown,Historic,Very Low,Quick Visit,0.8285714285714285,0.00108254397834912,0.0,0.6146104774792189,0.0767116479518233,Waterfall Nature Very Low Quick Visit Morning
Eastern,Odisha,Balasore,Chandipur Beach,Beach,,1.5,4.2,0,Yes,Open All Days,Recreational,Yes,0.014,Morning,150.0,Unknown,Historic,Very Low,Quick Visit,0.8,0.00054127198917456,0.0,0.6001623815967524,0.058392201709763975,Beach Recreational Very Low Quick Visit Morning
Eastern,Odisha,Kendujhar,Sanaghagara Waterfall,Waterfall,,1.0,4.4,0,No,Open All Days,Nature,Yes,0.055,All,150.0,Unknown,Historic,Very Low,Quick Visit,0.8571428571428572,0.006089309878213803,0.0,0.6303982215348928,0.23557937448333122,Waterfall Nature Very Low Quick Visit All
Southern,Tamil Nadu,Chennai,Marina Beach,Beach,,1.5,3.9,0,Yes,Open All Days,Recreational,Yes,0.1,Morning,150.0,Unknown,Historic,Very Low,Quick Visit,0.7142857142857142,0.012178619756427604,0.0,0.5607964430697854,0.371709701236867,Beach Recreational Very Low Quick Visit Morning
Southern,Tamil Nadu,Madurai,Meenakshi Amman Temple,Temple,,2.0,4.7,0,Yes,Open All Days,Religious,No,0.65,All,150.0,Unknown,Historic,Very Low,Quick Visit,0.9428571428571428,0.08660351826792964,0.0,0.6974096269089503,2.3536438531886996,Temple Religious Very Low Quick Visit All
Southern,Tamil Nadu,Rameswaram,Ramanathaswamy Temple,Temple,,1.5,4.6,0,No,Open All Days,Religious,No,0.01,All,150.0,Unknown,Historic,Very Low,Quick Visit,0.9142857142857141,0.0,0.0,0.657142857142857,0.04577152192457318,Temple Religious Very Low Quick Visit All
Southern,Tamil Nadu,Kanyakumari,Vivekananda Rock Memorial,Memorial,1970.0,1.0,4.6,20,Yes,Open All Days,Historical,No,0.47,Morning,56.0,Known,Historic,Very Low,Quick Visit,0.9142857142857141,0.062246278755074415,0.002666666666666667,0.6752834074360461,1.7722070436369664,Memorial Historical Very Low Quick Visit Morning
Southern,Tamil Nadu,Ooty,Ooty Lake,Lake,1824.0,1.0,4.1,10,Yes,Open All Days,Recreational,Yes,0.61,Morning,202.0,Known,Heritage,Very Low,Quick Visit,0.7714285714285714,0.08119079837618404,0.0013333333333333335,0.6098048585604743,1.9525601338851235,Lake Recreational Very Low Quick Visit Morning
Southern,Tamil Nadu,Coimbatore,Marudamalai Temple,Temple,,1.0,4.7,0,Yes,Open All Days,Religious,No,0.3,All,150.0,Unknown,Historic,Very Low,Quick Visit,0.9428571428571428,0.03924221921515561,0.0,0.6832012371931181,1.233112042997208,Temple Religious Very Low Quick Visit All
Southern,Tamil Nadu,Kodaikanal,Kodaikanal Lake,Lake,1863.0,2.0,3.9,0,No,Open All Days,Recreational,Yes,0.1,Morning,163.0,Known,Historic,Very Low,Quick Visit,0.7142857142857142,0.012178619756427604,0.0,0.5607964430697854,0.371709701236867,Lake Recreational Very Low Quick Visit Morning
Southern,Tamil Nadu,Thanjavur,Brihadeeswarar Temple,Temple,110.0,1.5,4.8,0,Yes,Open All Days,Religious,No,0.35,All,1916.0,Known,Ancient,Very Low,Quick Visit,0.9714285714285713,0.046008119079837616,0.0,0.699516721438237,1.4405020437616225,Temple Religious Very Low Quick Visit All
Southern,Tamil Nadu,Mahabalipuram,Shore Temple,Temple,,1.0,4.6,40,Yes,Open All Days,Historical,No,0.09,All,150.0,Unknown,Historic,Very Low,Quick Visit,0.9142857142857141,0.010825439783491203,0.005333333333333334,0.6593238224112378,0.3964174027088407,Temple Historical Very Low Quick Visit All
Southern,Tamil Nadu,Yercaud,Yercaud Lake,Lake,,1.0,4.2,0,No,Open All Days,Recreational,Yes,0.019,Morning,150.0,Unknown,Historic,Very Low,Quick Visit,0.8,0.0012178619756427604,0.0,0.6003653585926929,0.0790513678104686,Lake Recreational Very Low Quick Visit Morning
Southern,Tamil Nadu,Tirunelveli,Nellaiappar Temple,Temple,,1.0,4.6,0,Yes,Open All Days,Religious,No,0.16,All,150.0,Unknown,Historic,Very Low,Quick Visit,0.9142857142857141,0.02029769959404601,0.0,0.6632321670210709,0.682732023544057,Temple Religious Very Low Quick Visit All
Southern,Tamil Nadu,Chidambaram,Nataraja Temple,Temple,,1.0,4.7,0,Yes,Open All Days,Religious,No,0.28,All,150.0,Unknown,Historic,Very Low,Quick Visit,0.9428571428571428,0.036535859269282815,0.0,0.6823893292093564,1.1602423662781713,Temple Religious Very Low Quick Visit All
Southern,Andhra Pradesh,Vijayawada,Kanaka Durga Temple,Temple,,1.0,4.7,0,Yes,Open All Days,Religious,No,0.44,All,150.0,Unknown,Historic,Very Low,Quick Visit,0.9428571428571428,0.058186738836265225,0.0,0.6888845930794509,1.7138226338631735,Temple Religious Very Low Quick Visit All
Southern,Andhra Pradesh,Visakhapatnam,Rishikonda Beach,Beach,,1.5,4.5,0,Yes,Open All Days,Recreational,Yes,0.39,Morning,150.0,Unknown,Historic,Very Low,Quick Visit,0.8857142857142857,0.05142083897158322,0.0,0.6582833945486178,1.481866862141702,Beach Recreational Very Low Quick Visit Morning
Southern,Andhra Pradesh,Srisailam,Mallikarjuna Swamy Temple,Temple,,1.0,4.7,0,No,Open All Days,Religious,No,0.49,All,150.0,Unknown,Historic,Very Low,Quick Visit,0.9428571428571428,0.06495263870094722,0.0,0.6909143630388557,1.8742477637996287,Temple Religious Very Low Quick Visit All
Southern,Andhra Pradesh,Rajahmundry,Papikondalu,Hill,,2.0,4.3,0,Yes,Open All Days,Nature,Yes,0.032,All,150.0,Unknown,Historic,Very Low,Quick Visit,0.8285714285714285,0.0029769959404600814,0.0,0.6151788130678523,0.13544426835529524,Hill Nature Very Low Quick Visit All
Southern,Andhra Pradesh,Anantapur,Lepakshi,Site,,1.5,4.6,0,No,Open All Days,Historical,Yes,0.075,All,150.0,Unknown,Historic,Very Low,Quick Visit,0.9142857142857141,0.008795669824086602,0.0,0.659781558090083,0.3326750432662801,Site Historical Very Low Quick Visit All
Southern,Andhra Pradesh,Kurnool,Belum Caves,Cave,,1.5,4.4,65,Yes,Open All Days,Natural Wonder,Yes,0.11,Afternoon,150.0,Unknown,Historic,Low,Quick Visit,0.8571428571428572,0.013531799729364006,0.008666666666666666,0.6308976351569044,0.45918406742666823,Cave Natural Wonder Low Quick Visit Afternoon
Southern,Andhra Pradesh,Amravati,Amaravathi Temple,Temple,,1.0,4.7,0,Yes,Open All Days,Religious,No,0.041,All,150.0,Unknown,Historic,Very Low,Quick Visit,0.9428571428571428,0.004194857916102841,0.0,0.6726870288034024,0.1888544112743096,Temple Religious Very Low Quick Visit All
Southern,Andhra Pradesh,Guntur,Uppalapadu Bird Sanctuary,Bird Sanctuary,,1.0,4.4,10,Yes,Open All Days,Wildlife,Yes,0.7,All,150.0,Unknown,Historic,Very Low,Quick Visit,0.8571428571428572,0.09336941813261164,0.0013333333333333335,0.6563155873445454,2.33476430467355,Bird Sanctuary Wildlife Very Low Quick Visit All
Southern,Andhra Pradesh,Kadapa,Gandikota Fort,Fort,,1.5,4.5,0,No,Open All Days,Historical,Yes,0.015,Morning,150.0,Unknown,Historic,Very Low,Quick Visit,0.8857142857142857,0.0006765899864682001,0.0,0.6430601198530833,0.06699875622187794,Fort Historical Very Low Quick Visit Morning
Southern,Andhra Pradesh,Puttaparthi,Prasanthi Nilayam,Spiritual Center,1950.0,1.0,4.7,0,Yes,Open All Days,Religious,Yes,0.12,All,76.0,Known,Historic,Very Low,Quick Visit,0.9428571428571428,0.014884979702300405,0.0,0.6758940653392616,0.5326448209429149,Spiritual Center Religious Very Low Quick Visit All
Southern,Andhra Pradesh,Vizianagaram,Simhachalam Temple,Temple,198.0,1.0,4.7,0,Yes,Open All Days,Religious,No,0.59,All,1828.0,Known,Ancient,Very Low,Quick Visit,0.9428571428571428,0.07848443843031123,0.0,0.6949739029576648,2.179549876291059,Temple Religious Very Low Quick Visit All
Southern,Andhra Pradesh,Visakhapatnam,Kailasagiri,Hill,,2.0,4.5,0,Yes,Open All Days,Recreational,Yes,0.019,All,150.0,Unknown,Historic,Very Low,Quick Visit,0.8857142857142857,0.0012178619756427604,0.0,0.6432225014498356,0.08469789408264493,Hill Recreational Very Low Quick Visit All
Southern,Andhra Pradesh,Visakhapatnam,Submarine Museum,Museum,22.0,1.0,4.6,40,Yes,Open All Days,Historical,Yes,0.49,All,2004.0,Known,Ancient,Very Low,Quick Visit,0.9142857142857141,0.06495263870094722,0.005333333333333334,0.6755619820864747,1.8343701518038917,Museum Historical Very Low Quick Visit All
Southern,Andhra Pradesh,Visakhapatnam,Borra Caves,Cave,,2.0,4.5,60,No,Open All Days,Natural Wonder,Yes,0.31,Afternoon,150.0,Unknown,Historic,Low,Quick Visit,0.8857142857142857,0.04059539918809201,0.008,0.6534357626135705,1.2151221174587707,Cave Natural Wonder Low Quick Visit Afternoon
Southern,Andhra Pradesh,Visakhapatnam,War Memorial,War Memorial,,1.0,4.6,0,Yes,Open All Days,Historical,Yes,0.059,All,150.0,Unknown,Historic,Very Low,Quick Visit,0.9142857142857141,0.006630581867388361,0.0,0.6591320317030736,0.2636953064486392,War Memorial Historical Very Low Quick Visit All
Southern,Andhra Pradesh,Visakhapatnam,Indira Gandhi Zoological Park,Zoo,1977.0,2.0,4.1,20,Yes,Monday,Wildlife,Yes,0.25,Afternoon,49.0,Known,Modern,Very Low,Quick Visit,0.7714285714285714,0.03247631935047361,0.002666666666666667,0.5949238481860945,0.9148885603882599,Zoo Wildlife Very Low Quick Visit Afternoon
Southern,Andhra Pradesh,Visakhapatnam,Matsyadarshini Aquarium,Aquarium,,1.0,3.8,20,Yes,Open All Days,Recreational,Yes,0.03,All,150.0,Unknown,Historic,Very Low,Quick Visit,0.6857142857142857,0.002706359945872801,0.002666666666666667,0.5431357175075714,0.11232344851786871,Aquarium Recreational Very Low Quick Visit All
Southern,Andhra Pradesh,Visakhapatnam,Visakha Museum,Museum,1991.0,1.0,4.3,10,Yes,Open All Days,Cultural,Yes,0.065,All,35.0,Known,Modern,Very Low,Quick Visit,0.8285714285714285,0.0074424898511502025,0.0013333333333333335,0.6162517945743926,0.2707916363939703,Museum Cultural Very Low Quick Visit All
Eastern,Sikkim,Gangtok,Nathula Pass,Hill,,2.0,4.3,20,Yes,Open All Days,Historical,Yes,0.15,Afternoon,150.0,Unknown,Historic,Very Low,Quick Visit,0.8285714285714285,0.018944519621109605,0.002666666666666667,0.6194357368387138,0.6009763522131824,Hill Historical Very Low Quick Visit Afternoon
Eastern,Sikkim,Pelling,Pemayangtse Monastery,Monastery,1705.0,1.0,4.6,20,No,Open All Days,Religious,No,0.015,Morning,321.0,Known,Heritage,Very Low,Quick Visit,0.9142857142857141,0.0006765899864682001,0.002666666666666667,0.6568125008054642,0.06848761747125301,Monastery Religious Very Low Quick Visit Morning
Eastern,Sikkim,Namchi,Char Dham,Religious Complex,211.0,2.0,4.7,50,Yes,Open All Days,Religious,No,0.12,All,1815.0,Known,Ancient,Very Low,Quick Visit,0.9428571428571428,0.014884979702300405,0.006666666666666667,0.6745607320059281,0.5326448209429149,Religious Complex Religious Very Low Quick Visit All
Eastern,Sikkim,Gangtok,Rumtek Monastery,Monastery,,1.0,4.6,10,Yes,Open All Days,Religious,No,0.035,Morning,150.0,Unknown,Historic,Very Low,Quick Visit,0.9142857142857141,0.0033829499323410014,0.0013333333333333335,0.6578910754558928,0.15824656289972902,Monastery Religious Very Low Quick Visit Morning
Eastern,Sikkim,Ravangla,Buddha Park,Park,213.0,1.0,4.8,50,Yes,Open All Days,Cultural,Yes,0.1,All,1813.0,Known,Ancient,Very Low,Quick Visit,0.9714285714285713,0.012178619756427604,0.006666666666666667,0.6880345383078805,0.4574888630607593,Park Cultural Very Low Quick Visit All
Eastern,Sikkim,Gangtok,Baba Harbhajan Singh Temple,Temple,1967.0,1.0,4.7,0,Yes,Open All Days,Religious,No,0.075,All,59.0,Known,Historic,Very Low,Quick Visit,0.9428571428571428,0.008795669824086602,0.0,0.6740672723757974,0.3399071094242428,Temple Religious Very Low Quick Visit All
Eastern,Sikkim,Gangtok,Tsomgo Lake,Lake,,2.0,4.5,0,Yes,Open All Days,Nature,Yes,0.15,Morning,150.0,Unknown,Historic,Very Low,Quick Visit,0.8857142857142857,0.018944519621109605,0.0,0.6485404987434757,0.628928740688214,Lake Nature Very Low Quick Visit Morning
North Eastern,Assam,Guwahati,Kamakhya Temple,Temple,,2.0,4.6,0,Yes,Open All Days,Religious,No,0.21,All,150.0,Unknown,Historic,Very Low,Quick Visit,0.9142857142857141,0.027063599458728008,0.0,0.6652619369804755,0.8768536541997886,Temple Religious Very Low Quick Visit All
North Eastern,Assam,Kaziranga,Kaziranga National Park,National Park,1905.0,3.0,4.5,650,No,Open All Days,Wildlife,No,0.068,Morning,121.0,Known,Historic,High,Half Day,0.8857142857142857,0.007848443843031122,0.08666666666666667,0.6278783426767188,0.2960448324210139,National Park Wildlife High Half Day Morning
North Eastern,Assam,Guwahati,Umananda Island,Island,,1.0,4.1,0,Yes,Open All Days,Nature,Yes,0.01,Morning,150.0,Unknown,Historic,Very Low,Quick Visit,0.7714285714285714,0.0,0.0,0.5857142857142856,0.040796356497989135,Island Nature Very Low Quick Visit Morning
North Eastern,Assam,Sivasagar,Sivasagar Sivadol,Temple,1734.0,1.0,4.7,0,No,Open All Days,Historical,Yes,0.065,All,292.0,Known,Heritage,Very Low,Quick Visit,0.9428571428571428,0.0074424898511502025,0.0,0.6736613183839164,0.29598155605852566,Temple Historical Very Low Quick Visit All
North Eastern,Assam,Majuli,Majuli Island,River Island,,2.0,4.7,0,No,Open All Days,Cultural,Yes,0.01,Morning,150.0,Unknown,Historic,Very Low,Quick Visit,0.9428571428571428,0.0,0.0,0.6714285714285715,0.04676655500988999,River Island Cultural Very Low Quick Visit Morning
North Eastern,Assam,Manas,Manas National Park,National Park,1990.0,3.0,4.6,500,No,Open All Days,Wildlife,Yes,0.19,Morning,36.0,Known,Modern,Medium,Half Day,0.9142857142857141,0.02435723951285521,0.06666666666666667,0.6511166956633803,0.8001852127678147,National Park Wildlife Medium Half Day Morning
North Eastern,Assam,Hajo,Hayagriva Madhava Temple,Temple,,1.0,4.5,0,No,Open All Days,Religious,Yes,0.9,All,150.0,Unknown,Historic,Very Low,Quick Visit,0.8857142857142857,0.12043301759133966,0.0,0.6789870481345448,2.888342487775777,Temple Religious Very Low Quick Visit All
North Eastern,Assam,Guwahati,Pobitora Wildlife Sanctuary,Wildlife Sanctuary,1987.0,2.0,4.4,500,Yes,Open All Days,Wildlife,Yes,0.037,All,39.0,Known,Modern,Medium,Quick Visit,0.8571428571428572,0.003653585926928281,0.06666666666666667,0.6163341710161737,0.1598604886885172,Wildlife Sanctuary Wildlife Medium Quick Visit All
North Eastern,Arunachal Pradesh,Tawang,Tawang Monastery,Monastery,1680.0,2.0,4.7,0,No,Open All Days,Religious,No,0.032,Morning,346.0,Known,Heritage,Very Low,Quick Visit,0.9428571428571428,0.0029769959404600814,0.0,0.6723216702107094,0.14804373517904365,Monastery Religious Very Low Quick Visit Morning
North Eastern,Tripura,Agartala,Ujjayanta Palace,Palace,1901.0,1.5,4.5,10,Yes,Monday,Historical,Yes,0.035,All,125.0,Known,Historic,Very Low,Quick Visit,0.8857142857142857,0.0033829499323410014,0.0013333333333333335,0.6436053611701785,0.1548064202279958,Palace Historical Very Low Quick Visit All
North Eastern,Tripura,Dumboor,Dumboor Lake,Lake,,1.0,4.5,0,No,Open All Days,Nature,Yes,0.01,Morning,150.0,Unknown,Historic,Very Low,Quick Visit,0.8857142857142857,0.0,0.0,0.6428571428571428,0.044776488839256376,Lake Nature Very Low Quick Visit Morning
North Eastern,Tripura,Unakoti,Unakoti Rock Carvings,Rock Carvings,700.0,1.5,4.5,20,No,Open All Days,Historical,Yes,0.025,Morning,1326.0,Known,Ancient,Very Low,Quick Visit,0.8857142857142857,0.0020297699594046007,0.002666666666666667,0.642932740511631,0.11111675665667176,Rock Carvings Historical Very Low Quick Visit Morning
Central,Chhattisgarh,Bastar,Chitrakote Falls,Waterfall,,1.5,4.6,0,No,Open All Days,Nature,Yes,0.19,Morning,150.0,Unknown,Historic,Very Low,Quick Visit,0.9142857142857141,0.02435723951285521,0.0,0.6644500289967137,0.8001852127678147,Waterfall Nature Very Low Quick Visit Morning
North Eastern,Nagaland,Dzükou Valley,Dzükou Valley,Valley,,3.0,4.7,0,No,Open All Days,Trekking,Yes,0.01,Afternoon,150.0,Unknown,Historic,Very Low,Half Day,0.9428571428571428,0.0,0.0,0.6714285714285715,0.04676655500988999,Valley Trekking Very Low Half Day Afternoon
Southern,Puducherry,Puducherry,Promenade Beach,Beach,,1.0,4.5,0,Yes,Open All Days,Recreational,Yes,0.09,Morning,150.0,Unknown,Historic,Very Low,Quick Visit,0.8857142857142857,0.010825439783491203,0.0,0.6461047747921902,0.3877996330847355,Beach Recreational Very Low Quick Visit Morning
Southern,Puducherry,Auroville,Auroville,Township,1968.0,2.0,4.1,0,Yes,Open All Days,Cultural,Yes,0.035,All,58.0,Known,Historic,Very Low,Quick Visit,0.7714285714285714,0.0033829499323410014,0.0,0.586729170693988,0.14104584954106283,Township Cultural Very Low Quick Visit All
Southern,Puducherry,Puducherry,Paradise Beach,Beach,,1.0,4.5,200,Yes,Open All Days,Recreational,Yes,0.015,Morning,150.0,Unknown,Historic,Low,Quick Visit,0.8857142857142857,0.0006765899864682001,0.02666666666666667,0.63772678651975,0.06699875622187794,Beach Recreational Low Quick Visit Morning
Southern,Andaman and Nicobar Islands,Port Blair,Cellular Jail,Landmark,1906.0,1.5,4.7,30,Yes,Monday,Historical,Yes,0.12,Afternoon,120.0,Known,Historic,Very Low,Quick Visit,0.9428571428571428,0.014884979702300405,0.004,0.6750940653392615,0.5326448209429149,Landmark Historical Very Low Quick Visit Afternoon
Southern,Andaman and Nicobar Islands,Havelock Island,Radhanagar Beach,Beach,,1.0,4.8,0,No,Open All Days,Nature,Yes,0.09,Morning,150.0,Unknown,Historic,Very Low,Quick Visit,0.9714285714285713,0.010825439783491203,0.0,0.688961917649333,0.41365294195705116,Beach Nature Very Low Quick Visit Morning
Southern,Andaman and Nicobar Islands,Neil Island,Bharatpur Beach,Beach,,1.0,4.5,0,No,Open All Days,Nature,Yes,0.04,Morning,150.0,Unknown,Historic,Very Low,Quick Visit,0.8857142857142857,0.0040595399188092015,0.0,0.6440750048327857,0.17649320918976583,Beach Nature Very Low Quick Visit Morning
Southern,Andaman and Nicobar Islands,Baratang Island,Limestone Caves,Natural Feature,,1.5,4.4,250,No,Open All Days,Nature,Yes,0.015,Morning,150.0,Unknown,Historic,Medium,Quick Visit,0.8571428571428572,0.0006765899864682001,0.03333333333333333,0.6221077389007024,0.06550989497250288,Natural Feature Nature Medium Quick Visit Morning
Western,Daman and Diu,Diu,Naida Caves,Cave,,1.0,4.5,0,No,Open All Days,Nature,Yes,0.6,Afternoon,150.0,Unknown,Historic,Very Low,Quick Visit,0.8857142857142857,0.07983761840324763,0.0,0.6668084283781172,2.11501633160581,Cave Nature Very Low Quick Visit Afternoon
Western,Daman and Diu,Diu,Diu Fort,Fort,1535.0,1.5,4.6,0,No,Open All Days,Historical,Yes,1.2,Afternoon,491.0,Known,Heritage,Very Low,Quick Visit,0.9142857142857141,0.16102841677943164,0.0,0.7054513821766866,3.6269038576756425,Fort Historical Very Low Quick Visit Afternoon
Eastern,Jharkhand,Deoghar,Baba Baidyanath Temple,Temple,,1.0,4.7,0,Yes,Open All Days,Religious,Yes,1.8,All,150.0,Unknown,Historic,Very Low,Quick Visit,0.9428571428571428,0.2422192151556157,0.0,0.7440943359752561,4.839211260751444,Temple Religious Very Low Quick Visit All
Eastern,Jharkhand,Ranchi,Pahari Mandir,Temple,,1.0,4.6,0,Yes,Open All Days,Religious,Yes,0.13,All,150.0,Unknown,Historic,Very Low,Quick Visit,0.9142857142857141,0.016238159675236806,0.0,0.6620143050454281,0.5622011105315463,Temple Religious Very Low Quick Visit All
Eastern,Bihar,Bodh Gaya,Mahabodhi Temple,Temple,-260.0,1.5,4.7,0,Yes,Open All Days,Religious,Yes,0.2,All,2286.0,Known,Ancient,Very Low,Quick Visit,0.9428571428571428,0.02571041948579161,0.0,0.679141697274309,0.8569113169315867,Temple Religious Very Low Quick Visit All
Eastern,Bihar,Patna,Sanjay Gandhi Biological Park,Zoo,,2.5,4.3,30,Yes,Open All Days,Wildlife,Yes,0.5,All,150.0,Unknown,Historic,Very Low,Half Day,0.8285714285714285,0.06630581867388363,0.004,0.6333774598878794,1.7434999648651068,Zoo Wildlife Very Low Half Day All
Eastern,Bihar,Patna,Takhat Shri Harimandir Ji Patna Sahib,Gurudwara,,1.0,4.7,0,Yes,Open All Days,Religious,Yes,0.25,All,150.0,Unknown,Historic,Very Low,Quick Visit,0.9428571428571428,0.03247631935047361,0.0,0.6811714672337135,1.048774691176786,Gurudwara Religious Very Low Quick Visit All
Eastern,Bihar,Patna,Budhha Smriti Park,Park,,1.0,4.4,10,Yes,Open All Days,Cultural,Yes,0.31,All,150.0,Unknown,Historic,Very Low,Quick Visit,0.8571428571428572,0.04059539918809201,0.0013333333333333335,0.6404833816611896,1.1881194037374647,Park Cultural Very Low Quick Visit All
Northern,Haryana,Gurugram,Kingdom of Dreams,Entertainment,2010.0,3.0,4.4,1100,Yes,Monday,Entertainment,Yes,0.3,Afternoon,16.0,Known,Modern,High,Half Day,0.8571428571428572,0.03924221921515561,0.14666666666666667,0.611010761002642,1.1544027636569607,Entertainment Entertainment High Half Day Afternoon
Northern,Haryana,Gurugram,Ambience Mall,Mall,,2.0,4.6,0,Yes,Open All Days,Shopping,Yes,1.2,Afternoon,150.0,Unknown,Historic,Very Low,Quick Visit,0.9142857142857141,0.16102841677943164,0.0,0.7054513821766866,3.6269038576756425,Mall Shopping Very Low Quick Visit Afternoon
Northern,Haryana,Gurugram,DLF CyberHub,Commercial Complex,,2.0,4.7,0,Yes,Open All Days,Entertainment,Yes,0.71,Afternoon,150.0,Unknown,Historic,Very Low,Quick Visit,0.9428571428571428,0.09472259810554803,0.0,0.6998453508602358,2.5215188414184717,Commercial Complex Entertainment Very Low Quick Visit Afternoon
Northern,Delhi,New Delhi,Gurudwara Bangla Sahib,Gurudwara,,1.0,4.8,0,Yes,Open All Days,Religious,Yes,1.05,All,150.0,Unknown,Historic,Very Low,Quick Visit,0.9714285714285713,0.14073071718538566,0.0,0.7279335008699013,3.445631007121521,Gurudwara Religious Very Low Quick Visit All
Northern,Uttarakhand,Kedarnath,Kedarnath,Temple,,1.5,4.8,0,No,Open All Days,Religious,No,2.0,All,150.0,Unknown,Historic,Very Low,Quick Visit,0.9714285714285713,0.2692828146143437,0.0,0.7664991300985888,5.273338985606926,Temple Religious Very Low Quick Visit All
Central,Uttar Pradesh,Noida,DLF Mall of India,Mall,2016.0,2.0,4.6,0,Yes,Open All Days,Shopping,Yes,1.5,All,10.0,Known,Modern,Very Low,Quick Visit,0.9142857142857141,0.20162381596752368,0.0,0.7176300019331141,4.214937366621113,Mall Shopping Very Low Quick Visit All
Central,Uttar Pradesh,Greater Noida,The Grand Venice Mall,Mall,,2.0,4.2,0,Yes,Open All Days,Shopping,Yes,0.45,All,150.0,Unknown,Historic,Very Low,Quick Visit,0.8,0.05953991880920163,0.0,0.6178619756427606,1.560566937016429,Mall Shopping Very Low Quick Visit All
Southern,Karnataka,Bengaluru,Wonderla Amusement Park,Amusement Park,2005.0,4.0,4.5,890,Yes,Open All Days,Entertainment,Yes,0.95,All,21.0,Known,Modern,High,Half Day,0.8857142857142857,0.12719891745602163,0.11866666666666667,0.6572834847606159,3.0052321765904493,Amusement Park Entertainment High Half Day All
Eastern,Odisha,Bhubaneswar,Nandankanan Zoological Park,Zoo,1960.0,3.0,4.4,50,Yes,Monday,Wildlife,Yes,0.81,Afternoon,66.0,Known,Historic,Very Low,Half Day,0.8571428571428572,0.10825439783491206,0.006666666666666667,0.6597144145885689,2.6106381192220316,Zoo Wildlife Very Low Half Day Afternoon
Southern,Karnataka,Bengaluru,Orion Mall,Mall,2012.0,2.0,4.5,0,Yes,Open All Days,Shopping,Yes,1.8,All,14.0,Known,Modern,Very Low,Quick Visit,0.8857142857142857,0.2422192151556157,0.0,0.7155229074038276,4.633287377315213,Mall Shopping Very Low Quick Visit All
Southern,Telangana,Hyderabad,Inorbit Mall Cyberabad,Mall,2004.0,2.0,4.5,0,Yes,Open All Days,Shopping,Yes,1.2,All,22.0,Known,Modern,Very Low,Quick Visit,0.8857142857142857,0.16102841677943164,0.0,0.6911656678909723,3.5480581216392157,Mall Shopping Very Low Quick Visit All
Northern,Delhi,New Delhi,Jama Masjid,Mosque,1656.0,1.0,4.5,0,Yes,Open All Days,Historical,Yes,0.49,All,370.0,Known,Heritage,Very Low,Quick Visit,0.8857142857142857,0.06495263870094722,0.0,0.662342934467427,1.794492539808155,Mosque Historical Very Low Quick Visit All
Southern,Tamil Nadu,Rameswaram,Ramanathaswamy Temple,Temple,,1.5,4.7,0,Yes,Open All Days,Religious,No,0.1,All,150.0,Unknown,Historic,Very Low,Quick Visit,0.9428571428571428,0.012178619756427604,0.0,0.6750821573554997,0.4479578450803269,Temple Religious Very Low Quick Visit All
Central,Uttar Pradesh,Greater Noida,Buddh International Circuit,Race Track,2011.0,2.0,4.6,1500,Yes,Sunday,Sports,Yes,7.4,All,15.0,Known,Modern,High,Quick Visit,0.9142857142857141,1.0,0.2,0.9171428571428571,9.78986584690663,Race Track Sports High Quick Visit All
Central,Uttar Pradesh,Lucknow,Phoenix Palassio,Mall,2020.0,2.0,4.6,0,Yes,Open All Days,Shopping,Yes,0.35,All,6.0,Known,Modern,Very Low,Quick Visit,0.9142857142857141,0.046008119079837616,0.0,0.6709452928668084,1.380481125271555,Mall Shopping Very Low Quick Visit All
Southern,Kerala,Kochi,LuLu International Shopping Mall,Mall,2013.0,3.0,4.6,0,Yes,Open All Days,Shopping,Yes,1.9,All,13.0,Known,Modern,Very Low,Half Day,0.9142857142857141,0.2557510148849797,0.0,0.7338681616083509,4.897669390165169,Mall Shopping Very Low Half Day All
Northern,Delhi,New Delhi,Rail Museum,Museum,1977.0,2.0,4.4,50,Yes,Monday,Cultural,Yes,0.24,Morning,49.0,Known,Modern,Very Low,Quick Visit,0.8571428571428572,0.03112313937753721,0.006666666666666667,0.6365750370513564,0.9464900703145602,Museum Cultural Very Low Quick Visit Morning
North Eastern,Meghalaya,Cherrapunji,Living Root Bridge,Natural Feature,,2.0,4.6,0,No,Open All Days,Nature,Yes,0.06,Morning,150.0,Unknown,Historic,Very Low,Quick Visit,0.9142857142857141,0.006765899864682002,0.0,0.6591726271022618,0.26803697737028853,Natural Feature Nature Very Low Quick Visit Morning
Western,Gujarat,Gandhinagar,Akshardham,Temple,1992.0,3.0,4.6,0,Yes,Monday,Religious,No,0.18,All,34.0,Known,Modern,Very Low,Half Day,0.9142857142857141,0.023004059539918808,0.0,0.6640440750048326,0.7613664169968375,Temple Religious Very Low Half Day All
Central,Uttar Pradesh,Agra,Agra Fort,Fort,1565.0,2.0,4.5,40,Yes,Open All Days,Historical,Yes,1.3,Afternoon,461.0,Known,Heritage,Very Low,Quick Visit,0.8857142857142857,0.17456021650879566,0.005333333333333334,0.6941585411431148,3.748091053207968,Fort Historical Very Low Quick Visit Afternoon
Central,Madhya Pradesh,Bhopal,Madhya Pradesh Tribal Museum,Museum,2013.0,2.0,4.7,10,Yes,Monday,Cultural,Yes,0.15,All,13.0,Known,Modern,Very Low,Quick Visit,0.9428571428571428,0.018944519621109605,0.0013333333333333335,0.6768452606482377,0.6568811291632458,Museum Cultural Very Low Quick Visit All
Northern,Rajasthan,Jaipur,City Palace,Palace,1727.0,2.0,4.4,200,Yes,Open All Days,Historical,Yes,0.51,Morning,299.0,Known,Heritage,Low,Quick Visit,0.8571428571428572,0.06765899864682004,0.02666666666666667,0.6435357948321413,1.8132824636380653,Palace Historical Low Quick Visit Morning
Northern,Rajasthan,Jaipur,Albert Hall Museum,Museum,1887.0,2.0,4.5,200,Yes,Open All Days,Historical,Yes,0.63,All,139.0,Known,Historic,Low,Quick Visit,0.8857142857142857,0.08389715832205684,0.02666666666666667,0.6626929570204265,2.1986100666840196,Museum Historical Low Quick Visit All
